movie_id,genre_id
3112654,0
3112654,1
1571222,2
1571222,3
1571222,1
2756032,4
2756032,3
2756032,5
2370248,3
57171,4
57171,5
1433540,6
1433540,7
1433540,4
1433811,3
1433811,1
1608368,8
1608368,9
1608368,1
1220634,0
1220634,7
1220634,8
858479,4
858479,3
858479,5
112573,2
112573,3
112573,10
834001,0
834001,7
834001,11
1662293,8
2640474,3
2640474,8
2640474,9
1188113,3
1188113,1
56993,8
338564,12
338564,9
338564,1
1649444,8
1649444,5
63442,7
63442,13
89670,4
101765,3
101765,11
101765,14
4065308,4
871510,3
871510,15
871510,16
101761,2
101761,3
101761,14
2310332,7
2310332,11
69400,4
133189,4
133189,3
133189,14
1045772,2
1045772,4
1045772,12
481141,4
481141,3
481141,5
486655,7
486655,15
486655,11
1645170,4
112883,4
112883,3
112883,5
110719,4
110719,3
110719,11
378109,0
378109,7
378109,12
1928330,0
1928330,4
1928330,12
1074638,0
1074638,7
1074638,1
2532528,17
2532528,12
2532528,3
112792,2
112792,3
1707386,3
1707386,18
1707386,5
2473794,2
2473794,3
2473794,10
196499,17
146984,3
146984,11
146984,16
115685,4
112401,0
112401,12
112401,1
1282140,4
1282140,5
175880,3
108399,12
108399,3
108399,1
2914892,6
2914892,7
2914892,4
43014,3
43014,19
108394,3
108394,14
108394,9
2191701,4
1453405,6
1453405,7
1453405,4
60827,3
60827,1
770703,4
770703,5
477348,12
477348,3
477348,1
416960,4
416960,3
1646980,0
1646980,12
1646980,3
2042568,3
2042568,14
756648,7
756648,3
756648,15
1790864,0
1790864,9
1790864,13
61512,12
61512,3
108550,3
108550,5
247199,3
365748,4
365748,8
87803,3
87803,5
87803,13
2467046,0
2467046,13
2467046,1
91419,4
91419,8
91419,18
3196174,0
3196174,3
3196174,1
1528100,0
1528100,7
1528100,3
2752688,2
2752688,3
381061,0
381061,7
381061,1
455584,9
455584,13
455584,1
758774,0
758774,3
758774,1
129387,4
129387,5
1959490,0
1959490,7
1959490,3
800027,3
800027,5
80339,4
454876,7
454876,3
454876,11
974661,4
974661,3
974661,11
443489,3
443489,14
443489,18
30522,17
30522,16
85780,8
443680,2
443680,12
443680,3
110632,12
110632,3
1945087,3
2511428,12
2511428,3
2511428,1
119194,20
119194,8
119194,14
94737,4
94737,3
94737,11
887883,4
887883,12
887883,3
1375666,0
1375666,9
1375666,13
114069,0
114069,3
114069,1
52357,9
52357,5
52357,1
56512,3
56512,4
1872181,0
1872181,7
1872181,11
2637276,4
2332707,4
2332707,12
2332707,3
84237,15
84237,6
84237,11
120663,3
120663,9
120663,1
2402105,4
2402105,12
2402105,3
195714,8
195714,1
109040,4
1772424,4
1772424,3
3235888,8
3235888,9
3235888,1
120669,4
2450186,8
2450186,1
114168,3
114168,11
114168,9
416315,8
938330,8
938330,9
938330,1
1758795,4
2097298,2
2097298,3
2097298,16
186151,12
186151,3
186151,13
1430607,6
1430607,7
1430607,4
350258,2
350258,3
350258,14
361862,3
361862,1
77416,3
77416,21
1028528,1
3682448,2
3682448,3
3682448,10
2383068,8
2383068,1
2788228,4
120591,0
120591,7
120591,13
462499,0
462499,1
462499,21
120598,7
120598,15
452594,4
452594,3
452594,5
51658,4
51658,18
51658,5
808510,4
808510,15
808510,11
83658,13
83658,1
3671074,0
3671074,4
3671074,5
1562872,7
1562872,4
1562872,3
120601,4
120601,3
120601,11
4156700,4
65063,4
65063,12
2395199,0
2395199,1
1381404,3
1381404,1
54144,3
1661420,12
1661420,3
357413,4
1637725,4
1637725,11
3202890,3
3202890,1
2359002,3
2359002,9
2359002,1
3715320,3
3715320,9
70511,2
70511,12
70511,3
451094,12
451094,3
451094,8
350720,3
1836212,13
1836212,1
4229236,17
4229236,2
4229236,14
221073,2
221073,4
221073,12
999913,8
999913,1
1809398,2
1809398,3
1809398,16
102713,3
824316,3
44081,3
414951,3
414951,1
1988781,8
1988781,1
1821694,0
1821694,4
1821694,12
1854564,7
1854564,15
1854564,11
211933,12
211933,9
211933,1
1360860,3
1360860,9
1360860,1
87843,12
87843,3
433387,0
433387,12
433387,3
1234548,4
1234548,21
2262227,6
2262227,7
2262227,4
113161,4
113161,12
113161,1
2846974,4
2846974,3
213149,0
213149,3
213149,5
3248600,4
3248600,3
3248600,16
372183,0
372183,1
2398249,4
762114,4
762114,5
2545118,17
2545118,3
1967545,3
104652,6
104652,7
104652,11
2094018,3
2094018,1
1596350,0
1596350,4
1596350,5
986263,0
986263,13
986263,1
437777,4
437777,3
437777,5
497986,3
497986,9
497986,5
1323594,6
1323594,4
1323594,15
775529,4
775529,3
1063669,3
1063669,1
75148,3
75148,16
398017,3
398017,1
81562,4
81562,12
66181,4
66181,3
66181,11
945513,9
945513,13
945513,1
2059171,8
2059171,1
458525,0
458525,7
458525,13
1735898,0
1735898,7
1735898,3
4142022,4
82495,8
1617661,0
1617661,7
1617661,13
97733,0
97733,4
97733,12
1905041,0
1905041,12
1905041,1
1440292,4
1440292,3
1440292,5
118929,3
118929,11
118929,13
387564,8
387564,9
1858481,0
1858481,9
1858481,1
301976,12
301976,3
301976,5
332452,7
1170358,7
1170358,11
4044364,17
2420886,4
405325,7
405325,4
405325,15
389860,4
389860,3
389860,11
1409024,0
1409024,4
1409024,13
2347144,1
32138,7
32138,15
32138,11
1478338,4
1478338,5
367089,4
367089,3
371772,3
371772,15
1838603,4
1838603,3
2279786,0
2279786,12
2279786,1
90555,7
90555,4
1126590,2
1126590,12
1126590,3
120620,3
120620,9
120620,1
2382396,3
71807,0
71807,7
71807,1
1522232,3
2378936,0
2378936,4
1603257,8
1603257,1
1210166,2
1210166,3
1210166,16
345551,4
345551,3
345551,5
2308860,0
2308860,12
2308860,3
209144,9
209144,1
2215477,3
2215477,18
2215477,5
780622,4
780622,8
780622,1
2224317,3
2224317,5
1911553,4
113303,11
113303,8
113303,1
496806,12
496806,1
86984,12
86984,9
86984,1
929632,3
997246,3
1226240,3
1226240,14
311113,0
311113,7
311113,3
1808454,3
1808454,1
120873,0
120873,12
120873,1
227445,0
227445,12
227445,5
1413495,3
1413495,1
2088003,0
2088003,7
2347569,4
2347569,3
2347569,5
1179034,0
1179034,1
889588,3
889588,21
230838,3
230838,5
1990314,4
1990314,12
1990314,3
1179031,12
1179031,1
114924,4
114924,3
114924,5
1220719,0
1220719,2
1220719,3
1190080,0
1190080,7
1190080,13
364517,4
364517,3
364517,5
1441940,3
1441940,5
1297919,0
1297919,12
1297919,1
57012,4
57012,21
2576852,6
2576852,3
2576852,11
61747,22
1396226,3
1396226,5
1396226,21
1922777,8
1922777,9
2139555,4
2139555,5
217869,3
217869,9
217869,13
1726592,3
1726592,9
1726592,1
1032815,4
1032815,5
1991245,8
1991245,9
1991245,1
114814,12
114814,3
114814,1
2937898,0
2937898,12
2937898,3
79817,3
79817,16
183523,7
183523,3
183523,13
427969,2
427969,12
427969,3
2293138,4
208092,4
208092,12
1392214,12
1392214,3
1392214,9
1951266,7
1951266,13
986264,3
986264,15
986264,14
1951264,7
1951264,13
1951264,1
171408,3
74812,0
74812,7
74812,13
1951261,4
2172934,0
2172934,3
2172934,1
2520394,4
2520394,3
88683,3
88683,9
1204340,3
489099,0
489099,7
489099,13
896872,0
896872,2
896872,12
119217,3
2436516,0
2436516,7
2436516,4
215750,3
215750,10
215750,21
1316624,4
1316624,3
1773764,3
1316622,7
1316622,3
1316622,9
1243974,4
1243974,3
1243974,5
137523,3
2381249,0
2381249,7
2381249,1
448011,3
448011,9
448011,13
443274,0
443274,12
443274,3
55572,4
55572,3
55572,5
84503,6
84503,3
84503,18
443272,2
443272,3
443272,10
2294677,4
2556308,0
2556308,3
2556308,9
119038,4
1068680,4
1068680,5
233841,3
233841,5
85794,4
85794,3
3438640,20
3438640,0
3438640,13
70047,8
1726669,12
1726669,3
1726669,1
251075,4
251075,13
456149,4
456149,3
1300851,0
1300851,4
1300851,12
1300854,0
1300854,7
1300854,13
365485,4
365485,12
365485,3
1700845,2
1700845,3
1700845,10
65207,0
65207,7
65207,21
330373,7
330373,15
330373,11
77394,8
120885,4
120885,3
144117,0
144117,12
144117,1
3503840,0
3503840,7
3503840,12
361127,3
1375670,4
1650554,0
1650554,4
1650554,12
1559036,3
1559036,9
1559036,1
1092026,7
1092026,4
1092026,13
56566,3
52847,4
364045,12
364045,9
364045,1
254686,3
44079,12
44079,19
44079,1
120616,0
120616,7
120616,11
369702,2
369702,3
369702,5
2141941,3
1135084,0
1135084,12
1135084,1
399201,0
399201,7
399201,13
74777,3
364970,0
364970,7
364970,13
444672,7
444672,4
444672,5
375679,3
1555093,3
1555093,8
1555093,1
899106,3
899106,5
1430612,0
1430612,12
1430612,3
327056,12
327056,3
327056,9
3179568,4
3179568,3
1423995,3
1423995,1
910970,6
910970,7
910970,15
1028532,3
1028532,15
499335,4
2980592,9
2980592,1
2044729,4
1855199,12
1855199,3
1855199,1
104254,6
104254,7
104254,15
2014248,17
2014248,10
337741,4
337741,3
337741,5
1424432,17
1424432,2
1424432,16
1568346,12
1568346,3
1568346,9
3029558,0
3029558,7
3029558,3
104466,4
104466,3
104466,5
336693,17
336693,20
163978,7
163978,3
163978,1
456912,0
456912,12
456912,3
988045,0
988045,7
988045,12
2281267,17
2281267,2
2281267,3
1446192,6
1446192,7
1446192,15
470752,3
470752,9
470752,13
2215077,3
2215077,5
1402488,6
1402488,4
1402488,15
993846,2
993846,4
993846,12
993842,0
993842,7
993842,1
83791,7
83791,15
83791,11
1506999,0
1506999,1
452694,3
452694,11
452694,5
95271,8
95271,1
429493,0
429493,7
429493,4
421239,9
421239,1
2082197,7
2082197,4
2082197,3
375611,3
872230,8
872230,9
872230,1
970179,7
970179,3
970179,15
1542344,7
1542344,2
1542344,3
1646987,0
1646987,7
1646987,11
81506,0
81506,7
89880,0
89880,7
89880,1
1129442,0
1129442,7
1129442,12
96256,0
96256,8
96256,13
1212450,12
1212450,3
990407,0
990407,4
990407,12
72308,0
72308,3
72308,1
1631867,0
1631867,7
1631867,13
462538,6
462538,7
462538,4
892769,6
892769,7
892769,15
2292959,3
2292959,1
1956620,4
1956620,5
841044,4
841044,3
841044,5
1979319,0
1979319,3
1979319,10
810913,4
67116,0
67116,12
67116,3
472062,2
472062,4
472062,3
1132195,17
1132195,14
335245,4
335245,12
335245,1
1560747,3
1060277,0
1060277,7
1060277,8
2692250,7
2692250,4
2692250,15
1490017,6
1490017,0
1490017,7
1714206,4
1714206,3
1714206,5
2645104,4
1714203,4
1714203,8
2561572,4
2561572,12
2388715,8
497465,3
497465,5
1714193,12
1714193,3
320661,0
320661,7
320661,3
167261,7
167261,11
167260,7
167260,11
348836,8
348836,1
2582802,3
2582802,14
2323264,3
2920808,12
2920808,3
2203939,4
2203939,5
322802,17
322802,4
1068641,12
1068641,3
1068641,5
2063781,3
277941,0
277941,7
277941,2
258463,0
258463,9
258463,1
1566503,4
1566503,3
1566503,5
116126,4
116126,12
472118,4
472118,3
469623,3
800080,0
800080,7
800080,13
1561768,1
1561768,21
2091473,3
3134066,23
1288558,8
120890,12
120890,3
120890,9
2509270,4
388980,3
388980,10
388980,16
78718,12
78718,3
78718,1
263488,8
56172,7
56172,2
56172,3
3310280,3
3310280,5
1183911,2
1183911,4
1183911,12
3263614,3
87544,6
87544,7
87544,11
1724962,0
1724962,12
1724962,3
128442,12
128442,3
1247683,4
1247683,3
2557490,4
2557490,22
2273657,12
2273657,3
2273657,9
322330,4
322330,15
322330,11
385568,3
403702,4
403702,3
403702,5
113799,6
113799,11
113799,13
445990,2
445990,3
445990,16
414387,3
414387,5
1641400,3
1189340,12
1189340,3
1189340,1
187393,0
187393,3
187393,10
372884,4
372884,3
372884,5
1935065,4
1935065,5
46250,4
46250,5
320244,2
320244,12
320244,3
1119646,4
164052,13
164052,1
60665,2
60665,3
60665,10
2918436,8
2918436,13
2918436,1
90859,0
90859,12
90859,1
387131,3
387131,9
387131,5
396269,4
396269,5
1226236,3
1226236,5
1649419,3
1649419,1
1192628,6
1192628,7
1192628,4
245844,0
245844,7
245844,3
1951181,3
1951181,5
3168230,3
3168230,9
2866360,13
2866360,1
108002,2
108002,3
108002,16
390384,3
390384,13
390384,1
1588334,4
1588334,3
1645155,0
1645155,1
2409302,0
2409302,4
2409302,3
36775,12
36775,3
36775,19
1340138,0
1340138,7
1340138,13
1037705,0
1037705,7
1037705,3
2216240,3
2216240,1
2962726,0
2962726,13
2962726,1
364569,3
364569,9
364569,1
1477076,8
1477076,9
2304953,12
2304953,1
4284010,17
4284010,2
371746,0
371746,7
371746,13
1229822,3
1229822,5
1571249,4
1571249,3
431021,8
431021,1
2261331,7
2261331,1
62136,4
1308729,0
1308729,12
1308729,1
325805,4
325805,12
325805,3
2131523,12
2131523,1
276919,12
276919,3
3819668,6
3819668,0
3819668,7
1250777,0
1250777,4
133093,0
133093,13
128853,4
128853,3
128853,5
1462769,4
1462769,3
1462769,15
780504,12
780504,3
80684,0
80684,7
80684,11
2396566,17
2396566,14
309377,0
309377,12
309377,3
75686,4
75686,5
1995329,3
1440129,0
1440129,7
1440129,13
2608178,20
2608178,3
2608178,1
1718747,1
338751,2
338751,3
319061,7
319061,3
319061,11
132347,0
132347,4
132347,11
2626350,3
2626350,14
2626350,5
1538403,0
1538403,7
1538403,11
171804,2
171804,3
171804,5
1694021,0
1694021,8
1694021,1
1694020,4
1694020,3
84855,3
2190838,8
2190838,18
2415022,20
2415022,4
246578,3
246578,13
2352802,4
2352802,3
2210781,3
2106476,3
103772,3
103772,9
103772,1
54389,12
54389,3
54389,1
103776,0
4046784,0
4046784,13
4046784,1
54387,7
54387,11
54387,5
862846,4
862846,3
70077,12
70077,1
70077,3
80354,8
80354,13
2024519,3
2024519,14
2024519,5
2431286,2
2431286,3
1296898,3
1296898,5
311289,7
311289,4
311289,3
1032825,3
448157,0
448157,11
405094,3
405094,1
2172584,4
2172584,3
1726589,4
102951,4
102951,5
91763,3
91763,21
3477480,3
3477480,5
117665,12
117665,3
117665,1
117666,3
381681,3
381681,5
2309788,17
100157,1
2053425,3
2053425,5
488658,7
488658,4
488658,15
100150,12
100150,3
100150,1
2461132,0
2461132,4
2461132,12
1702439,3
1702439,5
1702439,1
2369135,0
2369135,12
2369135,3
93870,0
93870,12
93870,13
1949548,3
3247714,0
3247714,12
3247714,1
110148,3
110148,11
110148,8
1262416,8
1262416,9
2830416,17
2830416,2
2830416,4
2294473,8
2294473,1
2170439,4
2170439,12
1340107,3
1595656,3
1595656,5
91167,4
91167,3
118799,4
118799,3
118799,5
1723811,3
203019,2
203019,3
375063,4
375063,3
375063,5
1932767,3
111495,3
111495,9
111495,5
370032,0
370032,13
1091722,4
1091722,3
1091722,5
1216491,2
1216491,12
1216491,3
1886493,0
1886493,12
1886493,3
1470827,3
1470827,13
1470827,1
106701,4
106701,15
2364841,12
2364841,1
1674771,4
117407,12
117407,1
2611626,0
2611626,12
1631707,9
1631707,1
2186562,7
2186562,4
2186562,3
480687,4
480687,5
2326612,12
2326612,3
2326612,9
1815708,0
1815708,12
1815708,3
2302755,0
2302755,1
3346824,3
106519,12
106519,3
120735,4
120735,12
120737,7
120737,11
120731,3
120731,14
120731,5
104257,3
104257,1
167404,3
167404,9
167404,1
112579,3
112579,5
1491044,2
1491044,12
1491044,3
117060,0
117060,7
117060,1
2726560,3
2726560,5
2893490,3
795421,4
795421,18
795421,5
2011159,12
2011159,1
301357,4
301357,3
301357,5
2345112,3
2345112,10
2345112,9
482571,3
482571,9
482571,13
43456,13
100934,3
100934,5
100935,4
100935,12
100935,1
2265534,3
2265534,5
332379,4
332379,14
162222,7
162222,3
128445,4
128445,3
2058107,2
2058107,3
2058107,5
1047540,4
1047540,15
2574698,0
2574698,12
2574698,3
376994,0
376994,7
376994,13
1183919,17
1183919,2
1183919,14
304415,3
256524,4
256524,12
256524,9
1588337,3
1588337,10
1268799,4
2582496,4
2582496,3
1791682,4
1791682,3
2621000,4
2621000,3
365830,7
365830,4
365830,14
889573,4
889573,3
889573,5
99005,0
99005,4
475276,0
475276,12
475276,3
473705,12
473705,3
473705,9
1966604,17
1966604,2
44937,9
44937,5
44937,3
1320253,0
1320253,7
1320253,1
68646,12
68646,3
1924396,12
1924396,3
1924396,9
93058,3
93058,21
116209,3
116209,5
116209,21
2316411,9
2316411,1
70666,2
70666,12
70666,3
1440728,12
1440728,3
1440728,1
1568150,17
1568150,2
1568150,4
1924394,4
1924394,12
1924394,3
91830,3
91830,5
3705388,4
95827,3
280707,3
280707,9
1029360,8
1029360,1
2473682,8
2473682,1
2071620,17
2910274,4
2910274,3
116683,6
116683,7
116683,15
113986,4
113986,5
2870612,8
2870612,9
2870612,1
3029766,17
1067583,3
1067583,5
388795,3
388795,5
120660,0
120660,12
120660,3
1487931,6
1487931,7
1487931,15
134084,8
134084,9
1043726,0
1043726,7
1043726,11
272207,12
272207,9
272207,1
133751,8
133751,9
133751,13
264472,3
264472,1
1572315,8
1572315,1
2044040,17
1826660,4
1826660,3
478970,0
478970,7
478970,13
430922,4
2799166,0
2799166,7
2799166,8
2015381,0
2015381,7
2015381,13
912583,17
87004,4
87004,13
959337,3
959337,5
113540,3
1570728,4
1570728,3
1570728,5
1272878,0
1272878,4
1272878,12
790736,0
790736,4
790736,11
266697,0
84787,8
84787,13
3311384,17
3311384,16
209163,0
209163,7
209163,11
479952,6
479952,0
479952,7
2334649,2
2334649,3
2334649,5
419887,3
1104001,0
1104001,7
1104001,11
79522,4
79522,3
79522,5
1403981,3
1403981,5
2357291,6
2357291,7
2357291,4
1859650,4
1859650,5
1532503,4
1532503,3
1532503,5
1307068,7
1307068,4
1307068,3
60675,3
60675,5
1788391,12
1788391,8
1788391,1
2072933,4
2072933,12
2072933,8
430105,0
430105,12
430105,3
3171886,5
56923,4
56923,9
56923,5
825232,7
825232,4
825232,3
1623205,7
1623205,15
1623205,11
477080,0
477080,1
1103275,3
1103275,5
1474276,6
1474276,7
1474276,4
57036,7
57036,11
3409392,3
410097,12
410097,3
410097,14
458339,0
458339,7
458339,13
1810683,4
1810683,3
1810683,21
3316948,0
3316948,4
829150,0
829150,3
829150,11
441773,6
441773,0
441773,7
1228987,3
1228987,8
1228987,9
98206,0
98206,1
1132285,12
1132285,9
1132285,1
3303444,3
15163,0
15163,4
187078,0
187078,12
187078,1
97576,0
97576,7
457430,3
457430,11
457430,21
1772980,3
138097,4
138097,3
138097,5
63522,3
63522,8
3680410,4
3680410,3
3680410,5
1349451,4
86190,0
86190,7
86190,11
1907668,3
1907668,1
829482,4
81398,2
81398,3
81398,16
3569230,2
3569230,12
3569230,1
1230215,3
1070858,3
2213054,3
2213054,16
2002789,8
427944,4
427944,3
2528814,3
404978,4
404978,12
107290,7
107290,13
107290,1
1837562,3
1837562,5
2248944,4
1529572,12
1529572,3
1529572,1
1602613,12
1602613,3
40897,0
40897,7
40897,3
2184287,2
2184287,3
2184287,5
1191111,3
1191111,11
838221,7
838221,4
838221,3
787474,6
787474,7
787474,4
1972779,3
1972779,5
84868,20
84868,6
84868,15
3060492,3
1220198,9
1220198,13
1220198,1
454848,12
454848,3
454848,9
1379182,3
119784,11
119784,8
119784,9
1683526,3
48316,2
48316,3
48316,5
1368440,3
1368440,11
1368440,1
443453,4
74958,3
2396429,0
2396429,4
2396429,8
1258972,0
401792,12
401792,1
395495,4
395495,3
395495,5
3165608,17
3165608,14
77572,0
77572,3
77572,21
169547,3
169547,5
2317225,13
2317225,1
1554091,3
1424310,0
1424310,7
1399683,3
2235108,4
2235108,3
2616880,6
2616880,20
1379176,17
1379176,3
1996264,4
319343,4
319343,15
319343,11
2201251,4
74483,0
74483,12
74483,1
119164,4
119164,3
119164,14
1355630,3
1355630,11
1355630,14
278504,9
278504,1
2339741,3
2339741,8
2339741,1
120632,3
120632,11
120632,5
360201,4
360201,5
360201,16
404203,3
404203,5
2125608,17
2125608,2
2125608,14
1433108,0
1433108,12
1433108,3
1441395,3
1441395,13
1441395,1
3544082,3
3544082,5
203009,3
203009,18
203009,5
32143,4
32143,3
3541262,7
3541262,2
3541262,21
1670646,3
1670646,5
1670646,21
144084,3
370263,0
370263,7
370263,13
3539664,17
2083355,4
2083355,3
2179116,7
2179116,4
2179116,3
34298,3
443701,3
443701,9
443701,13
91203,0
91203,7
91203,11
118760,3
118760,5
118760,16
84021,4
84021,3
84021,18
443706,12
443706,3
443706,9
147800,4
147800,3
147800,5
465551,3
465551,1
54177,21
54177,3
2027064,2
2027064,12
2027064,3
298408,3
100234,3
1229340,4
1605783,4
1605783,11
1605783,5
2293640,6
2293640,4
2293640,15
49406,12
49406,19
49406,1
1547234,0
1547234,12
1547234,1
48424,12
48424,3
48424,19
117500,0
117500,7
117500,1
1646975,3
2368749,3
2402751,4
2402751,18
879870,3
879870,5
2322601,1
800241,12
800241,3
800241,9
398842,7
398842,3
46126,19
46126,1
2130321,17
119822,4
119822,3
119822,5
1540741,12
1540741,3
1540741,1
808417,6
808417,2
808417,3
266987,0
266987,12
266987,1
876563,6
876563,15
876563,11
1038919,0
1038919,4
1038919,5
223897,3
942385,0
942385,4
232500,0
232500,12
232500,1
1247690,3
1247690,5
3181822,9
3181822,1
1496025,0
1496025,11
1496025,8
110357,6
110357,7
110357,3
245686,7
245686,4
245686,3
120382,3
107822,3
107822,14
107822,5
120389,0
120389,7
120389,15
117438,12
117438,1
116922,3
116922,9
116922,1
1186370,4
1186370,3
1186370,5
457939,4
457939,5
2334879,0
2334879,3
2334879,1
91431,0
91431,7
91431,4
1498569,3
1498569,5
42004,12
42004,3
42004,5
190590,4
190590,12
190590,14
335266,3
1814930,17
1814930,4
206634,3
206634,13
206634,1
381270,4
381270,3
381270,14
2050634,6
2050634,20
2050634,8
2076220,3
2494834,3
1440732,3
1440732,10
1440732,5
1456635,4
1456635,16
87363,4
87363,8
116695,4
116695,3
116695,5
2140379,0
2140379,3
2140379,9
1431181,4
1431181,3
2416376,4
2416376,3
2416376,14
1622547,0
1622547,4
1622547,12
2140373,2
2140373,4
2140373,3
1638002,4
1638002,5
356910,0
356910,4
356910,12
1661382,4
1661382,16
1029234,3
1029234,8
1029234,9
72890,12
72890,3
1279935,4
1279935,12
1279935,5
1632708,4
1632708,5
54953,0
54953,7
54953,3
1401152,0
1401152,9
1401152,1
121164,6
121164,11
121164,18
770828,0
770828,7
770828,11
382932,6
382932,4
382932,15
2402101,3
2402101,9
2402101,1
46303,3
46303,5
46303,22
82199,0
82199,7
82199,4
82198,7
82198,11
457572,4
457572,3
457572,8
379786,0
379786,7
379786,13
421073,0
421073,12
421073,3
2103217,8
2103217,1
86200,4
86200,12
86200,3
118971,3
118971,9
118971,1
1441952,4
1441952,3
1441952,5
1441951,4
1441951,3
833476,4
833476,3
833476,18
70723,9
70723,13
70723,1
1704573,4
1704573,12
1704573,3
55601,3
989757,3
989757,5
989757,21
2910904,3
498380,3
498380,10
498380,21
217505,12
217505,3
217505,10
2717822,0
2717822,12
2717822,3
125664,2
125664,4
125664,3
63663,3
2375605,17
2375605,10
81534,3
81534,11
81534,5
1663143,7
1663143,4
1586265,4
1586265,3
1586265,5
1954470,0
1954470,12
1954470,3
1194173,0
1194173,7
1194173,9
107048,4
107048,11
107048,5
338526,0
338526,7
338526,11
1659343,0
1659343,8
1659343,9
1942884,17
2040560,8
2040560,9
2040560,1
121765,0
121765,7
121765,11
121766,0
121766,7
121766,11
72271,8
280380,12
280380,3
280380,1
3560686,3
245429,6
245429,7
245429,15
416212,3
332280,3
332280,5
55913,4
55913,3
55913,5
471042,0
471042,4
471042,12
804522,3
804522,1
446719,8
446719,13
446719,1
222850,4
222850,3
222850,5
3169706,2
3169706,4
3169706,3
1486616,17
1486616,7
95574,3
95574,5
2797242,3
2399533,17
15002,4
997152,3
997152,1
2551428,3
2551428,5
1065318,3
1428538,0
1428538,11
1428538,8
381849,7
381849,12
381849,3
409965,17
50083,12
50083,3
2912144,3
1134629,4
1134629,3
1134629,5
102536,4
102536,3
1028576,3
1028576,15
1028576,10
1770734,3
1770734,1
240890,4
240890,5
2023690,7
2023690,4
2023690,12
115640,4
115640,3
115640,5
289765,12
289765,3
289765,1
337978,0
337978,7
337978,1
112688,12
112688,3
112688,9
1352824,3
1352824,9
1352824,1
848537,6
848537,7
848537,15
2644714,0
2644714,4
2644714,9
69824,2
69824,3
69824,10
50706,4
1995341,4
1995341,3
1913166,8
1913166,1
780524,17
780524,10
780524,14
1550312,3
1550312,5
3495030,4
3495030,3
3495030,5
1303828,4
1303828,12
1303828,3
2359810,3
2359810,5
67549,3
473174,4
473174,5
100589,8
2719848,7
2719848,2
2719848,3
1372686,3
1372686,1
1372686,21
986233,2
986233,3
2235779,8
119229,4
119229,12
119229,5
2991224,3
2991224,21
57197,7
57197,15
57197,11
1846526,12
1846526,10
1846526,1
1073241,12
1073241,3
1073241,9
2277150,17
2277150,2
2277150,22
1646967,17
1646967,7
1646967,16
120524,11
120524,8
141098,4
141098,5
119008,2
119008,12
119008,3
3294634,3
4114762,3
1225822,4
1225822,12
1225822,5
103759,12
103759,3
101507,12
101507,3
248667,2
248667,3
248667,16
1582507,8
1582507,9
1582507,1
1216492,4
1216492,5
1216496,12
1216496,3
1216496,9
2139965,4
898367,7
898367,3
1235522,12
1235522,3
1235522,1
1334102,3
1334102,1
452625,4
452625,3
452625,5
237572,12
237572,3
237572,9
3084836,0
373469,4
373469,12
373469,9
364725,4
364725,16
816442,3
816442,21
111161,12
111161,3
3814486,2
3814486,3
3814486,14
88763,7
88763,4
88763,13
2096673,6
2096673,7
2096673,4
2096672,4
1291150,0
1291150,7
1291150,4
1758595,2
1758595,3
1758595,5
211915,4
211915,5
83907,8
58461,0
58461,3
58461,22
3079380,0
3079380,4
3079380,12
102975,0
102975,7
102975,13
59592,12
59592,3
59592,5
4008758,0
4008758,3
1049413,6
1049413,7
1049413,4
2326554,8
119177,3
119177,13
119177,1
119174,3
119174,9
119174,1
1887776,17
1887776,15
1437358,3
1437358,8
1437358,1
2388254,3
449086,3
449086,8
449086,1
1600196,12
1600196,3
40202,3
40202,19
119488,12
119488,3
119488,9
485985,0
485985,7
485985,3
1937118,4
1937118,3
1937118,5
4215352,17
4215352,20
4215352,12
2883512,7
2883512,4
2883512,3
427312,17
427312,2
1053810,4
109642,12
109642,3
109642,9
2465578,3
3592542,17
3592542,2
3592542,16
758730,0
758730,8
758730,13
46688,4
1183665,3
1183665,1
408236,3
408236,8
408236,18
455944,0
455944,12
455944,1
1764285,4
3787590,3
3787590,14
3787590,5
844286,7
844286,4
844286,3
799954,17
799954,3
951335,8
951335,1
462346,4
462346,15
2358891,3
118755,4
118755,15
118755,11
816711,0
816711,7
816711,8
1410063,3
1410063,10
1410063,21
825236,4
825236,3
825236,5
2070862,3
2070862,1
2032557,3
2032557,1
1125849,3
1125849,16
99487,3
99487,11
99487,5
267913,7
267913,4
267913,9
1535438,4
1535438,3
1535438,5
2192888,4
2192888,15
2109184,8
48947,2
48947,3
48947,10
1869716,3
1869716,1
499549,0
499549,7
499549,11
2515034,0
2515034,12
2515034,3
1277953,6
1277953,7
1277953,4
981227,4
981227,3
981227,14
372784,0
372784,7
107207,2
107207,3
107207,10
1132449,4
1132449,3
1069238,3
1069238,14
2281587,7
2281587,4
2281587,12
3450650,0
3450650,4
3450650,12
31381,3
31381,5
31381,21
1863347,4
298845,3
2140203,6
2140203,3
2140203,15
264464,2
264464,12
264464,3
1899353,0
1899353,1
414993,3
414993,13
1386703,0
1386703,7
1386703,9
2179121,4
2179121,3
2404181,3
2404181,5
1740725,8
1740725,9
1740725,1
82694,0
82694,7
82694,13
3077214,2
3077214,3
3077214,10
1935302,3
1935302,13
1935302,1
116778,4
116778,16
87800,8
271668,0
271668,4
271668,12
250468,3
250468,9
250468,5
2165236,7
2165236,3
2165236,16
1877797,4
1877797,5
3472226,20
3472226,0
3472226,4
2274570,4
2274570,8
881891,4
881891,5
1525835,0
1525835,8
1525835,13
1784538,17
1525830,3
1706414,7
1706414,3
1706414,10
808331,3
808331,8
808331,1
4257858,17
2675914,0
2675914,4
2675914,12
289992,12
289992,3
289992,1
2051886,22
2465140,4
2465140,3
1204975,4
1204977,8
1921070,12
1921070,1
318411,3
1616195,2
1616195,12
1616195,3
3678782,0
3678782,12
3678782,3
3203616,4
3203616,3
3203616,11
53291,4
2278871,3
2278871,5
60450,4
457433,12
457433,9
457433,1
2315200,4
1219289,9
1219289,13
1219289,1
805576,12
805576,3
805576,1
70735,4
70735,12
70735,3
805570,8
805570,1
1430132,0
1430132,7
1430132,13
1038988,8
1038988,9
1038988,1
1340800,3
1340800,9
1340800,1
2103267,3
2103267,5
2103264,3
2103264,10
1840309,7
1840309,9
1840309,13
78748,8
78748,13
1850397,9
1850397,5
1850397,1
1260581,12
1260581,3
1260581,9
55614,12
55614,3
55614,18
1068242,4
1068242,3
1068242,14
1099212,3
1099212,11
1099212,5
1777034,3
1777034,10
1777034,16
2975578,0
2975578,8
2975578,13
1596753,17
63256,12
63256,3
65772,3
65772,5
2870708,4
2870708,3
120889,3
120889,11
120889,5
3114132,4
3114132,3
3114132,5
45793,3
45793,5
45793,21
1911662,0
1911662,1
1390411,0
1390411,7
1390411,2
450259,7
450259,3
450259,1
81505,3
81505,8
64757,0
64757,7
64757,1
1226681,8
859163,0
859163,7
859163,11
230600,8
230600,1
283832,4
283832,12
283832,18
484740,3
484740,5
2679042,0
2679042,12
2679042,1
2392326,4
2392326,3
2392326,5
1226753,3
1226753,1
765010,3
765010,1
1446714,7
1446714,9
1446714,13
1502404,0
1502404,4
1502404,11
307987,4
307987,12
307987,3
79501,0
79501,7
79501,13
1827487,12
1827487,3
113189,0
113189,7
113189,13
1065073,3
86425,4
86425,3
2131532,8
2131532,1
167926,4
167926,3
61495,4
61495,3
61495,5
85995,7
85995,4
2357377,0
2357377,3
2357377,1
85334,4
85334,15
397892,6
397892,7
397892,4
1155076,0
1155076,3
1155076,15
1316064,4
2034139,3
2034139,8
2034139,1
143145,0
143145,7
143145,1
1743993,8
57058,3
3316960,3
122136,8
1986994,11
1986994,8
1986994,1
1821658,6
1821658,7
1821658,4
1661820,1
253474,2
253474,3
253474,21
822854,0
822854,12
822854,3
2305051,7
2305051,2
2305051,3
55830,8
55830,1
112697,4
112697,5
1629757,2
1629757,3
1629757,16
2355540,17
2355540,2
1996310,3
1996310,5
1996310,1
449010,0
449010,7
449010,15
1722450,4
1722450,3
1722450,5
926762,12
926762,3
926762,9
292963,12
292963,3
292963,1
1728976,8
1728976,9
1728976,1
2996684,0
2996684,7
2996684,8
250258,3
250258,1
780536,4
780536,12
780536,3
1972571,12
1972571,3
1972571,1
1893256,0
1893256,12
1893256,3
53198,12
53198,3
108052,2
108052,3
108052,10
1324999,7
1324999,3
1324999,11
133240,6
133240,7
133240,15
322589,3
322589,14
322589,5
367594,7
367594,4
367594,15
109506,0
109506,3
109506,11
265208,4
265208,3
265208,5
1756851,8
1756851,1
2614684,0
2614684,3
2614684,1
3713166,8
3713166,9
3713166,1
315327,4
315327,3
315327,11
3438354,4
1646971,6
1646971,0
1646971,7
1335975,0
1335975,7
1335975,3
66206,2
66206,3
66206,21
1329177,3
1264904,4
1264904,15
480249,3
480249,13
480249,1
1230165,3
1230165,14
2051879,13
2051879,1
1605717,4
1605717,3
1605717,14
1911658,6
1911658,7
1911658,4
286788,4
286788,3
286788,5
1853728,22
2101569,5
2101569,13
1712170,0
1712170,12
1712170,9
1313139,4
1313139,3
1313139,5
137363,12
137363,3
137363,1
2105044,8
2039393,12
2039393,3
2039393,1
259711,11
259711,9
259711,5
111756,0
111756,7
111756,2
2106537,4
2106537,3
3417422,12
3417422,3
3417422,1
1657507,0
1657507,12
1657507,3
2120120,0
2120120,4
2120120,13
344554,20
1772341,6
1772341,7
1772341,4
86993,0
86993,7
86993,3
37674,3
37674,5
443543,3
443543,9
443543,5
2294449,0
2294449,4
2294449,12
398286,6
398286,7
398286,4
59616,3
59616,10
368909,0
3195644,8
3195644,1
58458,3
58458,5
337563,4
337563,11
337563,5
339412,4
339412,3
339412,5
489270,8
489270,9
427327,4
427327,18
427327,5
1206543,12
1206543,3
1206543,1
1559547,3
1559547,11
1559547,5
407265,7
407265,4
407265,3
95327,6
95327,3
95327,21
2243537,4
2243537,8
1883180,4
1883180,3
59037,3
132477,2
132477,3
132477,15
118749,3
1007029,2
1007029,3
1007029,10
983213,6
983213,3
983213,5
57598,3
101316,2
101316,3
101316,5
64519,13
2206082,4
139654,12
139654,3
139654,1
2649128,0
2649128,1
84649,6
84649,7
84649,3
416449,0
416449,11
416449,21
393162,3
393162,16
2013293,6
2013293,2
2013293,3
388125,4
388125,3
388125,5
1059955,17
428803,17
4712818,4
274558,3
1764651,0
1764651,7
1764651,1
2043933,3
2043933,1
1270291,13
1270291,1
2082155,4
2082155,5
2193215,12
2193215,3
2193215,1
2071491,0
2071491,8
2071491,13
119809,4
119809,3
119809,13
221027,2
221027,12
221027,3
70355,0
70355,12
70355,9
118804,4
118804,3
423977,4
423977,3
423977,5
473753,4
473753,3
473753,11
1242618,3
1242618,8
1242618,1
1657299,4
1657299,3
1657299,5
70359,3
70359,5
1294688,3
1294688,5
2980648,4
2980648,3
2109248,0
2109248,7
2109248,13
2179136,0
2179136,2
2179136,3
2739884,4
3138104,4
3322940,8
3322940,9
317219,6
317219,7
317219,4
99077,2
99077,3
419294,7
419294,12
419294,3
2113075,3
2481198,4
2481198,3
2481198,18
116583,6
116583,3
116583,15
458481,12
458481,1
191043,7
191043,3
191043,15
1389137,4
1389137,3
1389137,15
60196,22
900387,3
900387,5
900387,21
68473,7
68473,3
68473,1
2218003,12
2218003,3
2218003,9
1921064,0
1921064,7
1921064,3
2177771,3
2177771,21
91867,3
91867,5
1518809,17
3729920,3
99674,12
99674,3
1731141,0
1731141,13
2078552,12
2078552,3
2078552,1
1720172,8
1720172,9
1720172,1
93640,0
93640,12
93640,3
2582846,3
2582846,5
2852406,3
2852406,1
1638355,0
1638355,7
1638355,4
1027718,3
1160996,0
1160996,8
1160996,13
1486185,11
1486185,8
1486185,9
1636826,4
1636826,12
190332,0
190332,3
190332,5
99785,4
99785,15
245712,3
245712,1
1634136,0
1634136,4
1634136,12
97165,4
97165,3
1319569,3
1761005,0
1761005,3
1761005,9
71615,3
71615,11
1203517,7
1203517,8
1203517,1
1666801,4
1985981,4
1985981,3
86006,0
86006,7
86006,1
4372118,17
4372118,7
4372118,3
373883,8
373889,7
373889,15
373889,11
765443,12
765443,1
1980911,4
1587119,3
2325625,3
2112277,0
2112277,12
2112277,3
172156,0
172156,4
172156,12
376541,3
376541,5
1684233,0
1684233,12
1684233,1
2004420,4
864835,6
864835,7
864835,4
2325977,3
2325977,1
955308,0
955308,7
955308,3
29843,0
29843,7
29843,5
2542368,4
2542368,5
82089,12
82089,3
82089,1
425379,12
425379,3
425379,1
1262990,4
1262990,3
2562232,4
2562232,3
1709143,8
1709143,13
1709143,1
435651,3
435651,13
68699,22
79574,0
79574,7
79574,13
1457767,8
390521,17
390521,4
390521,3
41959,19
41959,9
41959,1
105793,4
105793,14
918927,3
918927,9
1549920,0
1549920,12
1549920,1
1499658,4
1499658,12
118556,4
118556,5
1480656,3
2309021,3
2309021,8
2309021,1
1698641,4
1698641,15
3712088,3
3712088,5
112864,0
112864,7
112864,1
1727388,4
1727388,3
2304915,17
2304915,2
2085002,3
97239,4
97239,3
101698,4
101698,3
101698,11
3672840,0
3672840,7
3672840,3
98253,3
98253,8
1327773,2
1327773,3
3107246,11
3107246,5
112461,2
112461,12
112461,3
112462,0
112462,7
112462,11
2492916,17
2492916,2
2492916,10
2183034,7
2183034,15
2183034,13
2968804,0
2968804,4
2968804,12
2083379,0
2083379,1
1527186,3
1527186,13
3083008,2
3083008,3
3083008,16
497915,0
497915,4
497915,12
2473602,2
2473602,3
2473602,14
790804,4
790804,16
477302,7
477302,3
477302,9
80179,4
80179,0
2114461,4
41996,3
41996,21
28950,3
28950,21
33149,12
33149,3
33149,19
368222,4
368222,18
368222,5
2294629,6
2294629,7
2294629,4
1964418,0
1964418,7
1964418,15
2436452,3
1504320,2
1504320,3
1881024,0
1881024,12
1881024,1
81283,3
1232776,3
1216475,6
1216475,7
1216475,4
113824,6
113824,3
113824,15
1979283,4
425112,0
425112,4
1964624,4
1964624,3
1964624,9
92068,4
92068,12
92068,3
1602620,3
1602620,5
1860355,17
1860355,16
1032751,0
1032751,11
1032751,22
139462,3
139462,5
420223,4
420223,3
420223,11
1032755,0
1032755,12
1032755,1
2234003,3
70034,0
70034,12
70034,3
944835,0
944835,12
944835,9
1954315,3
1954315,1
97742,0
97742,7
97742,1
494222,4
494222,5
3442006,3
113497,7
113497,15
113497,11
2190367,3
2190367,1
1682246,4
1682246,3
3154964,20
3154964,3
3154964,11
1853739,8
1853739,1
405296,6
405296,13
405296,1
1605777,3
1605777,9
1605777,1
1626146,7
1626146,4
1626146,3
2191765,4
2191765,3
2191765,5
1847746,3
1847746,10
1847746,1
906108,4
906108,3
2952602,0
2952602,1
83929,4
83929,3
2481480,12
2481480,3
1142977,6
1142977,4
1142977,15
370477,2
370477,12
370477,3
1825784,4
2332579,7
2332579,4
2771372,12
2771372,3
2771372,9
2053463,12
2053463,3
2053463,1
436331,4
436331,3
436331,5
1837709,3
1837709,11
1837709,9
1127180,8
119116,0
119116,7
119116,13
66921,12
66921,3
66921,13
401855,0
401855,11
401855,13
3622592,3
3622592,9
3622592,5
101410,4
101410,3
101410,9
54215,8
54215,9
54215,1
473360,3
473360,16
1734433,12
1734433,3
72684,7
72684,3
72684,5
4114744,3
4114744,15
4114744,14
2872718,12
2872718,1
382625,9
382625,1
1753496,6
1753496,0
1753496,8
1838722,4
1838722,8
1838722,9
430357,0
430357,12
430357,1
94963,0
94963,12
94963,9
2486682,17
2486682,3
2486682,10
3532608,4
1568338,0
1568338,12
1568338,1
485947,3
485947,11
485947,5
2333784,0
2333784,7
2333784,1
383574,0
383574,7
383574,11
1781922,0
1781922,1
1414382,4
1414382,5
112641,2
112641,12
112641,3
120776,3
120777,4
1024715,4
1024715,3
1832382,3
1001508,4
1001508,3
1001508,5
1213663,0
1213663,4
1213663,13
1071875,0
1071875,11
1071875,1
3477734,7
3477734,15
3477734,11
2220642,17
2220642,14
183649,1
1276419,2
1276419,3
1276419,10
58331,4
58331,15
58331,11
1843866,0
1843866,7
1843866,13
117998,0
117998,7
117998,3
3033536,18
290334,0
290334,7
290334,13
95953,3
95956,0
95956,7
95956,1
117571,8
117571,9
3369806,7
3369806,15
3421514,4
1674047,0
1674047,4
1674047,8
2097307,0
2097307,4
2097307,5
452623,12
452623,3
452623,9
878804,2
878804,3
878804,16
1670345,12
1670345,9
1670345,1
105223,4
105223,18
2780748,17
2780748,0
2780748,16
243655,4
243655,5
107818,3
56592,3
870111,3
870111,10
2027140,4
2027140,3
2027140,11
318627,0
318627,8
318627,13
73312,4
73312,21
1355683,2
1355683,12
1355683,3
2977672,4
2977672,3
110413,12
110413,3
110413,1
274497,3
274497,5
257360,4
257360,3
129167,6
129167,0
129167,7
304141,7
304141,15
304141,11
1182350,4
1182350,3
1182350,5
837562,6
837562,4
837562,15
73629,4
73629,18
2400275,3
416044,7
416044,2
416044,3
116483,4
116483,16
1584016,17
27977,4
27977,3
433035,0
433035,3
433035,13
47478,3
3280264,3
117951,3
978764,0
978764,7
978764,11
91877,4
91877,12
1592525,0
1592525,3
1592525,13
1618442,0
1618442,7
1618442,11
1234719,0
1234719,1
1234719,21
2343601,17
2343601,16
3554418,4
3554418,5
458352,4
458352,3
458352,5
99685,2
99685,12
99685,3
280030,6
280030,7
280030,15
1045655,3
1045655,8
1045655,1
783233,3
783233,9
783233,5
1763303,4
1763303,3
1763303,5
985699,3
985699,1
985699,21
2536436,1
93437,4
93437,8
1147684,8
1147684,5
1147684,1
1598778,3
1598778,13
1598778,1
1486192,12
1486192,9
1486192,1
1298650,0
1298650,7
1298650,11
1748227,0
1748227,8
1748227,1
116629,0
116629,7
116629,13
2267998,12
2267998,3
2267998,9
313737,4
313737,5
2345737,12
2345737,3
97904,12
97904,3
97904,1
1322269,3
1186788,4
1186788,5
84296,7
84296,3
84296,15
66769,13
66769,1
1130884,9
1130884,1
238380,0
238380,3
238380,13
814255,7
814255,15
814255,11
120201,0
120201,13
120201,21
1242422,0
1242422,3
1242422,1
106469,12
106469,3
242527,3
242527,8
242527,9
2272918,3
2272918,5
107034,3
107034,1
450278,8
317740,0
317740,12
317740,1
2004432,0
2004432,8
2004432,1
830515,0
830515,7
427309,2
427309,3
479997,0
479997,7
479997,11
2429292,3
2429292,14
2429292,5
3863552,4
3863552,3
55928,0
55928,7
55928,1
134119,12
134119,3
134119,1
1226774,4
466893,3
2402157,0
2402157,12
2402157,1
1823672,0
1823672,12
1823672,13
2126403,17
2126403,14
1517260,7
1517260,5
1517260,13
435680,12
435680,3
976051,3
976051,5
378194,0
378194,12
378194,1
884335,12
884335,3
884335,13
1194236,3
2586682,0
2586682,3
2586682,5
1754656,6
1754656,11
936501,0
936501,1
1711425,4
2226417,8
2226417,1
2397535,3
2397535,9
2397535,13
804443,8
804443,13
804443,1
57076,0
57076,7
57076,1
73486,3
3076658,3
3076658,16
1568921,6
1568921,7
1568921,15
79417,3
2359417,17
2315558,12
2315558,3
272152,3
272152,13
1023111,0
1023111,3
1023111,16
112471,3
112471,5
1023114,7
1023114,3
1023114,10
113277,0
113277,12
113277,3
1663662,0
1663662,7
1663662,13
2594950,0
2594950,12
2594950,3
1041829,4
1041829,3
1041829,5
1753846,17
1753846,16
2331143,3
477585,3
1356790,17
1971352,12
1971352,3
1971352,1
1121096,0
1121096,7
1121096,11
94608,12
94608,3
369610,0
369610,7
369610,13
1825157,4
1825157,3
1825157,1
3118706,0
3118706,3
3118706,5
384286,3
384286,8
384286,9
320691,0
320691,11
308644,2
308644,3
308644,15
1450326,4
1450326,3
1450326,16
425123,4
425123,11
425123,5
1450321,4
1450321,12
1450321,3
1055292,4
1055292,3
1055292,5
2752200,3
80761,8
80761,9
3086442,3
3086442,9
3086442,1
1343727,0
1343727,13
1195478,4
1195478,5
3007512,3
3007512,21
790724,0
790724,12
790724,9
408790,0
408790,3
408790,9
1164999,3
2167202,0
2167202,12
2167202,1
436697,2
436697,3
1230385,12
1230385,3
1230385,1
1412386,4
1412386,3
1591095,3
1591095,8
1591095,9
2024544,2
2024544,3
2024544,10
159365,3
159365,10
159365,5
85154,3
85154,5
85154,16
1055369,0
1055369,7
1055369,13
445922,3
445922,11
445922,18
1870425,4
1824254,17
2944198,3
2944198,8
2944198,1
1894476,3
1894476,5
1894476,1
1235124,3
1235124,11
1235124,1
1172998,3
1172998,16
1436562,6
1436562,7
1436562,4
3713030,2
3713030,3
1172570,0
1172570,2
1172570,12
1483013,0
1483013,7
1483013,9
964517,2
964517,3
964517,16
2180411,7
2180411,11
2180411,18
48261,12
48261,19
48261,9
207201,4
207201,11
207201,5
2024432,4
2024432,12
281358,3
281358,5
66466,3
268380,6
268380,7
268380,4
418279,0
418279,7
418279,13
2224026,6
2224026,7
2224026,4
1196956,2
1196956,4
1196956,3
2080374,2
2080374,3
374546,3
2258345,4
1152398,3
1152398,11
1152398,5
1275590,4
386588,4
386588,5
1714915,3
1714915,8
1714915,5
4408178,3
4408178,15
2245084,6
2245084,0
2245084,7
2101341,0
2101341,12
2101341,3
247586,12
247586,3
247586,1
1007028,4
1007028,5
1294226,3
1294226,5
935075,3
2199571,0
2199571,12
2199571,3
2581244,4
2581244,3
2581244,8
38109,19
38109,9
38109,5
299658,4
299658,12
299658,18
844479,8
844479,1
1291584,3
1291584,16
120749,0
120749,12
120749,3
61065,3
61065,13
1291580,2
1291580,3
1291580,5
381707,12
381707,4
2486678,4
2486678,3
2486678,5
1675434,2
1675434,4
1675434,3
1667310,12
1667310,3
1667310,1
499556,0
499556,12
499556,1
363988,9
363988,1
389557,3
389557,1
389557,21
356680,4
356680,3
356680,5
183659,2
183659,3
2017020,6
2017020,7
2017020,4
3390572,12
3390572,3
3390572,5
2333804,3
2333804,11
2333804,13
91064,3
91064,8
91064,5
2084989,3
2084989,13
95016,0
95016,1
95765,3
76759,0
76759,7
76759,11
76752,0
76752,7
76752,13
1951265,7
1951265,13
1951265,1
96895,0
96895,7
42192,4
42192,3
118655,4
91209,1
200550,4
200550,3
200550,14
225071,3
225071,5
1684925,3
1684925,9
114709,6
114709,7
114709,4
2239832,4
2239832,5
1465533,12
1465533,3
1465533,9
1992258,1
105236,12
105236,3
810922,4
810922,3
810922,5
2172935,14
70379,12
70379,3
2027154,4
2027154,8
109831,4
109831,3
109831,5
441909,4
441909,12
441909,3
243133,12
243133,3
1615147,3
1615147,1
385267,4
385267,3
385267,5
2493486,0
2493486,7
120693,4
120693,12
103873,4
103873,8
103874,8
103874,5
2387559,4
2387559,3
481499,6
481499,7
481499,4
1488555,4
2398231,3
2398231,22
468492,0
468492,3
468492,8
1016075,4
1016075,3
1016075,18
3082826,4
3082826,3
3698408,4
1182345,3
1182345,13
117381,12
117381,3
117381,9
1637688,0
1637688,13
1637688,1
25878,4
25878,12
25878,9
1653064,0
1653064,3
1653064,13
1686821,0
1686821,4
1686821,11
377092,4
377091,12
377091,3
2870648,17
2870648,2
2870648,14
50850,12
50850,3
50850,5
2182019,1
1601475,8
1601475,1
59112,4
96332,3
96332,5
1606389,3
1606389,5
416881,3
416881,5
432021,0
432021,8
432021,13
75314,12
75314,3
398883,12
398883,3
398883,5
116367,0
116367,12
116367,8
813547,12
813547,3
813547,21
1841642,8
1841642,1
2401621,4
2401621,3
2401621,16
1655442,4
1655442,3
1655442,5
1655441,3
1655441,11
1655441,5
353969,12
353969,3
353969,9
397535,3
397535,5
3638012,6
3638012,0
3638012,13
1034032,0
1034032,13
1034032,1
25905,4
25905,18
25905,9
1214962,0
1214962,3
1214962,1
453562,2
453562,3
453562,16
93137,3
93137,21
93137,0
4158834,2
4158834,3
4158834,5
34248,9
34248,1
212712,3
212712,5
212712,13
3547740,4
3547740,3
3547740,14
2717860,3
2717860,1
198781,6
198781,7
198781,4
2170299,4
2170299,3
1706593,3
1706593,13
1706593,1
3283556,7
3283556,4
1731697,8
1731697,1
65724,3
2009606,3
445946,0
445946,12
445946,3
101921,3
1748122,7
1748122,4
1748122,3
81186,8
81186,1
186566,0
186566,7
186566,1
2112124,0
2112124,4
2112124,5
107554,12
107554,3
107554,1
1587310,0
1587310,7
1587310,15
1197624,12
1197624,3
1197624,1
71562,12
71562,3
72231,0
118884,3
118884,9
118884,13
118880,0
118880,12
118880,1
1535970,3
1535970,1
63198,4
63198,12
63198,3
53318,3
53318,9
53318,1
76227,0
76227,3
866439,4
866439,5
1430077,8
1706620,0
1706620,3
1706620,13
413099,4
413099,15
413099,11
1931435,4
884328,8
884328,13
884328,1
975645,2
975645,3
1276104,0
1276104,12
1276104,13
1448755,0
1448755,12
1448755,1
317919,0
317919,7
317919,1
2357129,2
2357129,3
1010048,3
1010048,5
372764,6
372764,13
372764,20
181875,7
181875,3
181875,14
1707392,3
1707392,8
98273,12
98273,3
98273,9
1823664,4
1823664,3
1823664,15
97216,3
1884457,0
1884457,12
1884457,1
86383,0
86383,1
58947,3
58947,10
58947,21
1464540,0
1464540,7
1464540,13
1560671,12
1560671,9
1560671,1
119528,4
119528,11
89469,7
89469,11
89469,5
15864,7
15864,4
15864,3
1568911,3
1568911,21
46521,4
46521,3
86250,12
86250,3
416320,3
416320,5
416320,1
371257,3
371257,9
371257,1
445939,8
445939,1
445939,22
47136,3
47136,22
112642,4
112642,15
112642,11
3331846,6
3331846,4
3331846,3
1403865,7
1403865,3
1403865,22
72431,4
1531901,3
1531901,11
1531901,8
2503154,8
2503154,9
2503154,1
1174732,3
181852,0
181852,13
2318527,4
2318527,8
391304,4
391304,3
391304,5
1951216,2
1951216,4
1951216,3
2920540,17
2920540,3
2920540,14
82971,0
82971,7
2818178,3
2818178,8
2818178,9
1150947,3
1150947,5
43618,4
43618,18
43618,5
115734,4
115734,12
115734,3
1667889,6
1667889,7
1667889,4
1881002,3
1881002,8
1881002,1
1440345,4
1440345,3
1821593,12
1821593,3
2234155,4
3663040,0
3663040,3
3663040,1
1351685,7
1351685,11
2059255,3
1568863,23
790628,4
790628,5
1270798,0
1270798,7
1270798,13
241527,7
241527,15
241527,11
60880,12
60880,3
60880,9
2338151,4
2338151,3
2338151,5
1594562,8
2934404,4
2934404,3
2934404,5
1392190,0
1392190,7
1392190,13
1371111,3
1371111,13
1156398,7
1156398,4
1156398,8
1800241,12
1800241,3
119282,6
119282,7
119282,4
69467,3
1800246,4
1800246,5
3966942,3
1370429,4
1370429,12
1370429,3
2404463,0
2404463,4
2404463,12
3431900,20
3431900,7
2404461,3
2404461,9
1781769,3
1781769,5
86879,2
86879,3
86879,14
50212,7
50212,3
50212,21
62622,9
62622,13
109936,4
2543336,8
2543336,1
2708946,17
1024648,2
1024648,3
1024648,10
971209,7
971209,9
971209,1
1013743,0
1013743,4
1013743,5
2495118,0
2495118,2
2495118,3
1976000,5
1976000,1
395972,3
907657,3
907657,14
907657,5
2908446,7
2908446,13
2908446,1
1588170,12
1588170,3
1588170,8
1588173,4
1588173,8
1588173,5
368975,4
1481572,4
1481572,3
1481572,5
2828996,4
2828996,8
1945062,3
2039345,14
2039345,9
2039345,1
146675,0
146675,11
146675,8
108330,2
108330,3
1033575,4
1033575,3
2325002,0
2325002,1
2872732,0
2872732,13
2872732,1
1937390,3
4192740,4
4192740,3
1481576,3
25316,4
25316,5
2822400,12
2822400,3
2822400,1
2356180,2
2356180,3
2356180,10
2002718,0
2002718,12
2002718,1
2046090,3
2046090,13
2046090,1
116191,4
116191,3
116191,5
2364006,4
2364006,5
2334873,3
842926,4
842926,3
1291570,9
1291570,1
409182,0
409182,7
409182,3
109686,4
118715,4
118715,12
115678,3
1862079,4
1862079,3
1862079,5
2106361,0
2106361,1
450314,0
450314,12
450314,3
107943,3
107943,5
480025,12
480025,3
24844,3
24844,5
887912,3
887912,10
887912,1
120755,0
120755,7
120755,1
2980472,4
2980472,3
1213648,12
1213648,3
265666,4
265666,3
110093,0
110093,4
110093,5
2299842,3
1815862,0
1815862,7
1815862,13
1213644,4
83943,0
83943,7
83943,13
302886,4
2244901,4
2244901,5
1598822,4
1598822,5
1829012,12
1829012,3
1829012,9
83944,0
83944,1
2017038,0
2017038,7
2017038,3
94008,12
94008,3
94008,5
375173,4
375173,3
375173,5
1598828,0
1598828,4
1598828,12
48673,5
48673,3
1386588,0
1386588,4
1386588,12
1641975,3
1641975,8
1641975,1
99423,0
99423,1
3411432,6
3411432,7
3411432,4
1772240,8
1772240,9
1772240,13
3302962,4
3302962,5
2465146,4
2465146,3
2465146,5
1776143,5
2361509,4
2178470,3
2178470,18
2178470,5
3805180,4
3805180,12
3447364,0
3447364,9
3447364,1
71360,3
71360,9
71360,1
1205489,3
2050633,8
2390237,4
2390237,5
2390237,16
1418754,12
1418754,1
120689,12
120689,3
120689,11
254679,23
1320261,7
1320261,4
1320261,15
385277,3
385277,18
370986,3
59578,22
1682180,3
1682180,1
404032,3
404032,8
404032,1
120685,0
120685,13
120685,1
2388637,12
2388637,3
2388637,5
2377938,12
2377938,3
2377938,10
2126355,0
2126355,3
2126355,1
2776074,7
2776074,10
2776074,5
3322420,7
3322420,4
3322420,3
21749,4
21749,3
21749,5
79945,7
79945,9
79945,13
79766,12
79766,3
79766,14
58946,3
58946,10
58946,21
478829,3
478829,14
2358925,4
2718492,3
429573,8
429573,9
429573,1
2182001,2
2182001,3
2182001,16
372588,6
372588,0
372588,4
903624,7
903624,11
56663,3
1323045,3
1323045,1
71141,3
71141,5
117802,4
117802,3
1606392,4
1606392,3
1606392,16
1334553,4
1334553,12
1334553,1
1234721,0
1234721,13
1234721,1
259072,3
259072,21
210065,12
210065,3
210065,1
2318092,3
2318092,5
1564367,4
1564367,5
1638364,17
421715,3
421715,11
421715,5
430770,4
430770,3
1001526,6
1001526,0
1001526,4
1210042,12
1210042,3
1210042,1
78788,3
78788,21
1188982,0
1188982,3
1306980,4
1306980,3
1827579,3
1827579,14
1621045,4
1621045,5
266308,0
266308,3
266308,13
840361,12
840361,3
840361,1
434409,0
434409,3
434409,1
94898,4
94898,5
2395427,0
2395427,7
2395427,13
2229499,4
2229499,3
2229499,5
376136,4
376136,3
1155592,17
1155592,2
1155592,10
40652,4
2113681,7
2113681,4
1133985,0
1133985,7
1133985,5
1034314,0
1034314,4
1034314,13
103060,0
103060,7
103060,4
103064,0
103064,13
892318,4
892318,3
892318,5
1234654,4
1234654,3
1234654,5
1253863,0
1253863,3
1253863,11
2203308,3
2203308,14
2203308,18
116040,0
116040,7
116040,3
259288,3
259288,11
259288,9
482606,8
482606,9
482606,1
34583,3
34583,5
34583,21
3625152,0
2660332,3
2660332,13
2379713,0
2379713,7
2379713,1
113677,4
113677,3
2458912,17
2458912,7
2458912,3
253556,0
253556,7
253556,11
1748207,3
1748207,9
1748207,13
780548,2
780548,4
780548,12
309698,9
309698,1
1634121,11
1634121,8
1634121,1
1756750,4
1756750,3
800369,0
800369,7
800369,11
808399,4
808399,3
808399,5
113819,4
113819,11
113819,5
342735,3
804463,2
804463,12
804463,3
2652092,3
196229,4
3264102,17
3264102,2
3264102,10
1748179,3
1748179,9
1748179,1
1567609,0
1567609,12
1567609,3
268978,2
268978,3
2765340,3
442933,6
442933,0
442933,7
479884,0
479884,12
479884,1
1629242,1
3530002,4
489281,3
489281,21
335345,3
210249,3
236493,7
236493,4
236493,12
449059,4
449059,3
460791,7
460791,3
460791,11
469494,3
113490,3
363589,12
363589,3
363589,1
293662,0
293662,12
293662,1
1931533,4
1931533,12
1798709,3
1798709,5
1798709,13
2781030,4
2115388,4
2115388,3
2115388,5
1691917,6
1691917,7
1691917,4
2855648,0
2855648,3
2855648,10
3152624,4
3152624,5
947798,3
947798,1
1860353,6
1860353,7
1860353,4
1533053,4
1533053,5
1313092,12
1313092,3
1313092,1
488120,12
488120,3
488120,9
2171867,0
2171867,12
2171867,3
88847,4
88847,3
1540133,4
1540133,12
1540133,1
803061,4
803061,3
803061,15
395169,3
395169,10
395169,21
61722,4
61722,3
61722,5
475730,6
475730,20
2378281,4
2378281,3
93409,0
93409,12
93409,1
49373,4
72353,4
72353,3
1611224,0
1611224,11
1611224,8
1816518,6
1816518,4
1816518,3
790636,2
790636,3
112818,12
112818,3
1193138,3
1193138,5
380389,3
380389,5
380389,16
425430,3
425430,8
425430,1
2170593,4
2170593,3
1646111,3
65938,7
65938,4
65938,21
3983266,4
3983266,5
45020,4
45020,5
2229511,0
2229511,8
2229511,9
1623288,6
1623288,7
1623288,4
32553,4
32553,3
32553,21
1515199,8
2012011,3
2012011,1
71487,4
1501359,4
1501359,3
465624,4
465624,5
465624,13
1441953,2
1441953,3
1441953,10
795368,4
1626139,8
3697626,0
3697626,12
3697626,1
31885,4
31885,3
31885,5
1013752,0
1013752,12
1013752,3
340855,2
340855,12
340855,3
2507280,3
2507280,8
2507280,1
816692,7
816692,3
816692,13
145487,0
145487,7
1650062,0
1650062,9
1650062,13
251160,12
251160,3
251160,1
80455,0
80455,4
80455,12
1217209,6
1217209,7
1217209,4
344510,3
344510,9
344510,5
1411250,0
1411250,13
1411250,1
1937149,9
1937149,1
1639826,6
1639826,7
1639826,15
1742650,4
498353,8
85251,4
85251,5
455538,4
455538,3
455538,5
1591123,5
307453,6
307453,7
307453,4
1592873,4
1592873,3
1592873,5
2401097,0
2401097,12
2401097,3
405159,3
405159,16
489237,4
489237,3
489237,5
456554,4
1343092,3
1343092,5
71315,3
71315,9
71315,1
1024744,1
118708,0
118708,4
1577052,4
105323,3
109045,4
109045,14
1454468,13
1454468,1
796366,0
796366,7
796366,13
119654,4
119654,13
2692904,3
1298649,0
1298649,4
1298649,13
185014,4
185014,3
1555149,0
1555149,12
1555149,3
1905042,3
1905040,8
1905040,9
1905040,13
2341664,8
2245195,4
2245195,14
2245195,13
38057,3
38057,19
38057,1
486822,3
486822,9
486822,1
361748,7
361748,3
361748,21
1131734,4
1131734,8
427470,12
427470,3
427470,1
455407,8
455407,9
455407,1
91042,4
1259521,8
1259521,9
1259521,1
83089,4
83089,3
83089,5
1408101,0
1408101,7
1408101,13
1318514,0
1318514,3
1318514,13
354356,3
354356,5
1828995,4
1828995,3
1828995,5
1925479,12
1925479,3
1764183,3
1764183,1
418689,3
418689,10
418689,21
974014,2
974014,3
1480295,0
1480295,3
1480295,1
3612616,3
376968,3
376968,9
376968,1
1385826,5
1385826,13
1385826,1
75932,3
75932,5
1398426,2
1398426,3
1398426,14
180093,3
117705,6
117705,7
117705,4
181316,0
181316,4
181316,12
119778,4
119778,3
119778,5
2980516,2
2980516,3
2980516,5
2209764,3
2209764,9
2209764,5
2018086,2
2018086,3
1764234,12
1764234,1
109830,3
109830,5
2187884,11
2187884,8
1255953,3
1255953,9
1255953,21
182789,4
182789,3
182789,11
1386932,0
1386932,2
1386932,3
301470,8
301470,1
313542,3
313542,1
1532958,14
24184,8
24184,13
138563,17
138563,2
138563,12
2330866,0
2330866,12
2350496,3
2350496,5
278295,0
278295,4
278295,12
2910814,13
2910814,1
120787,12
120787,3
120787,1
1675192,3
1675192,1
120032,4
1655420,2
1655420,3
2375574,3
2375574,8
97123,4
97123,3
1613750,7
1613750,10
379725,2
379725,12
379725,3
1311060,4
1311067,8
1606180,4
1606180,3
469021,4
134273,12
134273,3
134273,9
1126618,4
1126618,3
1126618,5
4594834,3
2238050,3
2238050,9
2238050,1
3042408,1
2102496,8
2102496,13
2102496,1
893412,4
893412,3
893412,5
285742,3
285742,5
29583,6
29583,15
29583,11
468569,0
468569,12
468569,3
248808,6
248808,20
248808,4
3005242,2
3005242,4
3005242,3
413300,0
413300,7
289879,13
289879,1
379557,17
379557,7
379557,3
106226,3
106226,5
2917388,0
2917388,12
2917388,3
120255,3
1486834,4
1486834,5
1985966,6
1985966,4
1985966,15
1160317,8
1160317,1
2573858,4
2371158,3
2371158,15
2371158,10
87078,0
87078,7
87078,11
77975,4
308878,4
308878,3
308878,5
120815,0
120815,3
120815,21
330793,0
330793,12
330793,3
4178092,9
4178092,1
106856,3
106856,1
1221208,2
1221208,3
2371486,0
2371486,3
2371486,1
1100089,2
1100089,3
1100089,16
1259014,0
1259014,2
1259014,12
2381941,4
2381941,12
2381941,3
68555,4
40536,3
40536,5
1791528,4
1791528,12
1791528,3
2707858,2
2707858,3
60176,3
60176,9
60176,1
2668134,6
2668134,7
2668134,13
446029,0
446029,4
446029,11
124315,3
124315,5
2085910,17
2215285,4
2215285,12
2215285,3
1687901,8
1687901,1
181536,3
3330206,24
3330206,25
3330206,1
3138782,3
3138782,5
52301,4
52301,12
1935179,3
2820852,0
2820852,12
2820852,1
1333125,4
439662,3
439662,5
439662,1
1374992,3
1374992,11
1374992,5
56869,8
63555,2
63555,3
63555,14
2554274,3
2554274,11
2554274,8
105665,8
105665,9
105665,1
64072,0
64072,3
64072,10
89733,4
113247,12
113247,3
887732,3
2978426,4
2978426,5
460766,17
460766,10
460766,16
371724,7
371724,4
371724,13
2023587,8
1509767,0
1509767,7
1509767,5
997263,4
997263,3
1971325,0
1971325,13
1971325,1
1870529,3
3045616,0
3045616,4
3045616,9
1426378,3
1426378,14
1780762,0
1780762,7
1780762,8
61735,4
61735,3
1540128,4
1540128,5
1540128,16
1850419,3
1850419,10
1850419,1
831387,0
831387,7
831387,13
118842,4
118842,3
118842,5
104952,4
104952,12
449467,3
1946381,0
1946381,1
1345836,0
1345836,1
4450706,4
4450706,3
4450706,5
89218,7
89218,4
89218,15
3605418,1
2567712,3
3374966,4
3374966,12
857190,0
857190,12
857190,3
2035630,3
1870419,0
1870419,4
1870419,8
1392170,7
1392170,3
1392170,13
109688,0
109688,3
2297063,3
2297063,1
1837703,2
1837703,3
1837703,1
110912,12
110912,3
2323964,4
1717715,0
1717715,7
1717715,15
241303,3
241303,5
4105970,3
4105970,9
4105970,1
1579361,17
1579361,2
1078588,3
848228,0
848228,7
848228,13
4084744,2
4084744,3
4084744,5
1032846,3
1814621,4
1814621,3
1814621,5
817177,4
817177,3
817177,5
2006040,4
2006040,8
454921,2
454921,3
983193,6
983193,0
983193,7
298814,0
298814,7
298814,13
2024469,0
2024469,9
2024469,1
119396,12
119396,3
119396,1
2361184,0
2361184,3
2361184,16
2321549,3
2321549,8
2321549,1
368794,2
368794,3
368794,14
116410,3
1441326,3
1441326,1
101393,0
101393,12
101393,3
422720,2
422720,3
422720,10
2312718,0
2312718,12
2312718,3
106965,7
106965,3
106965,15
43265,7
43265,3
43265,5
327137,4
327137,3
327137,15
2172985,4
2172985,12
756683,3
756683,13
2737050,3
409459,0
409459,9
409459,13
58150,0
58150,7
58150,1
102803,0
102803,7
102803,4
3779300,0
3779300,21
3110770,4
4974684,7
4974684,4
493459,17
1713476,8
1713476,13
1713476,1
1039960,3
2286990,4
2286990,5
1747958,12
1747958,3
1747958,1
1954843,4
1954843,13
2016940,0
2016940,3
1990181,1
2911666,0
2911666,1
48651,10
48651,1
66819,3
66819,5
66819,1
1524137,0
1524137,12
1524137,3
117958,4
117958,3
117959,3
117959,21
2181931,4
2181931,3
2181931,15
53459,3
53459,8
106627,3
106627,5
106627,1
1564585,0
1564585,13
1564585,1
1978532,4
1866249,2
1866249,4
1866249,3
111503,0
111503,4
111503,1
295297,7
295297,15
295297,11
1772264,3
1772264,8
1772264,9
106308,4
106308,11
106308,8
101414,6
101414,15
101414,11
1742334,0
1742334,12
1742334,3
83987,2
83987,3
83987,10
2084970,2
2084970,3
2084970,1
1172233,3
1172233,16
914863,3
914863,1
2555736,4
2555736,3
70328,0
70328,7
70328,1
1647477,12
1647477,3
1647477,1
99088,4
99088,13
99088,22
3312830,3
1362518,17
1362518,2
1362518,14
120338,3
120338,5
3268458,17
3268458,2
3268458,12
94721,4
94721,11
67927,0
67927,1
2870756,4
2870756,5
73195,7
73195,1
58576,3
58576,5
58576,1
2401807,0
2401807,12
2401807,1
1093357,0
1093357,3
1093357,8
2664976,3
2664976,10
1869425,3
1869425,14
94226,12
94226,3
94226,1
116996,4
116996,13
2788710,0
2788710,4
4208868,4
4208868,5
963966,0
963966,7
963966,4
3591984,3
256380,4
256380,3
256380,11
2070597,4
2070597,3
2070597,5
50825,3
50825,21
412080,2
412080,3
412080,16
2147459,8
2147459,13
2147459,1
1477837,4
104438,4
104438,5
104438,1
3269074,3
1650028,3
417741,7
417741,15
417741,11
765429,2
765429,12
765429,3
3480796,0
3480796,7
3480796,13
315733,12
315733,3
315733,1
149650,23
1205537,0
1205537,3
1205537,1
1205535,4
1205535,5
3219080,3
3219080,11
1389096,4
1389096,12
1389096,1
2265398,4
2265398,3
2265398,5
93105,2
93105,4
93105,3
1767354,4
1767354,11
1767354,9
1701210,7
1701210,3
2231554,8
2231554,1
2103281,0
2103281,3
2103281,13
1311071,2
1311071,3
1311071,5
1655413,6
1655413,4
1655413,18
2947832,4
1827512,3
1817273,12
1817273,3
1817273,1
117509,3
117509,5
1694533,20
1694533,4
1694533,3
2322441,3
2322441,5
1920849,4
1920849,5
105695,22
492044,3
492044,8
492044,9
119896,4
119896,3
119896,5
119891,8
119891,13
119891,1
1792647,11
89853,4
89853,11
89853,5
1606378,0
1606378,12
1606378,1
64665,3
3149038,4
3149038,3
51994,0
51994,3
51994,10
116289,4
116289,12
116289,3
77651,8
77651,1
1242460,3
3278330,11
3278330,8
3278330,5
116282,12
116282,3
116282,1
273719,4
273719,5
273719,3
1648179,0
1648179,4
1648179,16
82766,2
82766,3
3125472,3
458413,4
458413,3
120804,0
120804,11
120804,8
1148204,8
1148204,9
1148204,1
486583,4
486583,15
486583,11
1245526,0
1245526,4
1245526,12
3630276,4
3630276,3
1621046,2
2504404,12
2504404,3
2504404,1
362270,7
362270,4
362270,3
844708,8
844708,1
100403,0
100403,8
100403,13
1727358,8
1727358,1
2935476,3
2935476,5
450385,8
439477,3
3063516,4
1979320,0
1979320,2
1979320,3
407887,12
407887,3
407887,1
2265171,0
2265171,12
2265171,1
1085492,0
1085492,1
91829,11
91829,8
91829,9
2268458,3
2268458,1
2609912,17
2609912,4
2278388,7
2278388,4
2278388,3
822832,4
822832,3
822832,15
1602472,4
1602472,3
1602472,5
1912398,4
1912398,12
85809,17
85809,14
1464535,3
1464535,8
1464535,9
1872194,12
1872194,3
1980929,3
1980929,14
1549572,3
1549572,5
1549572,13
386342,3
386342,21
420332,3
420332,18
420332,5
2639344,3
1038686,0
1038686,11
1038686,8
85244,4
85244,3
3809308,4
1458175,12
1458175,3
1458175,5
1758830,4
307873,11
307873,8
307873,18
381966,8
381966,9
381966,1
1619277,4
1619277,5
106611,7
106611,4
106611,15
107214,4
107214,3
90605,0
90605,8
90605,13
3596492,4
3596492,3
1175709,12
1175709,3
1175709,9
202470,4
202470,3
202470,14
409847,0
409847,13
409847,1
1939659,3
1939659,8
307901,12
307901,3
1231583,4
406280,17
406280,14
1370889,17
1370889,1
1231587,4
1231587,13
1727770,4
1727770,13
4900018,17
1649443,0
1649443,8
1649443,1
1821549,7
1821549,4
1821549,3
119256,12
119256,3
920473,4
920473,5
838283,4
181689,0
181689,9
181689,13
1682940,8
1682940,1
26029,19
26029,9
26029,1
401711,4
401711,3
401711,5
1703199,8
1703199,9
352248,2
352248,3
352248,16
2231253,0
2231253,12
2231253,3
1043844,0
1043844,12
1043844,13
204313,8
204313,9
204313,1
61418,2
61418,12
61418,3
2315628,3
112740,0
112740,3
112740,1
388482,0
388482,12
388482,1
464154,4
464154,8
114369,12
114369,3
114369,9
88247,0
88247,13
94291,12
94291,3
1411238,4
1411238,5
1692486,4
1692486,3
106977,0
106977,7
106977,12
1716772,4
359950,7
359950,4
359950,3
2125685,8
2125685,1
2101473,7
2101473,3
2101473,10
473075,0
473075,7
473075,11
418763,3
418763,21
100758,0
100758,7
100758,4
3110960,3
74751,7
74751,11
74751,8
67541,3
67541,1
69945,4
69945,13
2630134,6
2630134,15
2387513,2
2387513,3
2387513,10
3720794,17
74174,4
74174,15
74174,16
58743,4
58743,5
1932718,4
1932718,3
1757746,3
1757746,13
115988,3
115988,10
1196204,4
1196204,3
910936,0
910936,4
910936,12
1647668,2
1647668,3
1647668,16
961097,6
961097,7
961097,4
300051,4
300051,3
300051,5
66049,7
66049,3
66049,22
309987,3
309987,5
38787,3
38787,19
38787,5
1747967,8
1747967,1
1020072,2
1020072,3
1020072,10
338013,3
338013,5
338013,13
884732,4
1267297,0
1267297,7
1758692,3
1758692,5
388182,4
388182,3
3294200,3
3294200,9
2733258,8
2733258,9
2733258,1
327597,6
327597,11
1512685,8
1512685,9
1512685,1
67800,12
67800,3
67800,1
1742044,2
1742044,3
1742044,14
1111313,17
114746,9
114746,13
114746,1
1397280,0
1397280,12
1397280,1
422401,4
422401,8
890870,8
890870,9
2969656,0
2969656,12
1263750,3
1263750,5
392878,4
808151,9
808151,1
1229238,0
1229238,7
1229238,1
2875926,3
1411697,4
2125435,3
2125435,11
449994,0
449994,7
449994,2
61395,3
120657,0
120657,7
120657,10
120655,7
120655,4
120655,11
264616,12
264616,3
264616,1
116736,12
116736,3
116736,1
51682,8
51682,9
51682,1
93822,4
93822,12
93822,3
2334034,3
2334034,15
1091191,0
1091191,2
1091191,3
3194532,4
2737310,17
2737310,4
2737310,14
45810,4
45810,18
45810,5
93779,7
93779,4
93779,15
2366450,17
100485,0
100485,12
100485,3
1187043,4
1187043,3
93773,0
93773,8
93773,13
478304,3
478304,11
99700,4
99700,8
462465,0
462465,7
462465,13
140888,3
1535616,3
1535616,13
1535616,1
1784600,0
1784600,3
83190,0
83190,12
83190,3
2537176,12
2537176,8
2537176,1
91554,12
91554,9
91554,5
1915581,4
1915581,3
452624,3
452624,9
452624,1
903657,2
903657,3
903657,14
1149362,3
1149362,9
1149361,0
1149361,4
1149361,12
96858,3
821642,2
821642,3
821642,14
2509850,4
2509850,5
93177,8
305224,4
1596365,3
1596365,8
1596365,1
1308165,3
1308165,14
3659388,7
3659388,3
3659388,13
2197849,4
2197849,3
357110,3
1614989,12
1614989,1
1621039,6
1621039,7
1621039,4
1524930,7
1524930,4
1535108,0
1535108,3
1535108,13
1502712,0
1502712,7
1502712,13
1232829,0
1232829,4
1232829,12
1656186,0
1656186,12
1656186,3
1535105,17
396171,12
396171,3
396171,11
433350,3
303816,4
303816,8
1212419,3
1212419,11
1667353,7
1667353,4
1667353,3
1612774,4
1612774,8
87050,8
75005,8
75005,9
2370718,17
2370718,14
1567437,4
1567437,12
1567437,8
93894,0
93894,12
93894,13
138524,4
138524,12
138524,5
378947,4
378947,3
378947,5
120177,0
120177,8
1625346,4
1625346,3
1640711,4
1640711,5
120879,3
120879,14
2452254,3
1640718,6
1640718,3
2446042,0
2446042,1
93004,3
93004,5
1980209,0
1980209,4
1980209,12
110005,2
110005,12
110005,3
3099498,4
3099498,3
3099498,8
1321870,0
1321870,12
1321870,3
2520516,4
814335,12
814335,9
814335,1
234215,0
234215,13
2936174,17
57345,3
1139668,3
1139668,8
1139668,9
1242521,0
1242521,3
2319580,4
1837613,3
1837613,14
242423,4
199725,3
199725,5
199725,16
2095649,2
2095649,3
2095649,5
478311,4
478311,3
478311,5
367479,0
367479,4
367479,12
44706,3
44706,22
1371150,4
1371150,3
259446,4
259446,5
3097204,4
804497,4
804497,3
804497,5
196216,4
196216,12
804492,4
804492,5
1121931,0
1121931,12
1121931,1
2382009,3
120903,0
120903,7
120903,13
120902,3
120902,9
120902,13
2278392,3
2764784,3
1023490,2
1023490,3
3155604,7
3155604,3
1767382,8
1767382,9
1767382,1
435761,6
435761,7
435761,4
1799585,4
1799585,3
1945084,0
1945084,1
1361318,0
1361318,12
1361318,1
824747,3
824747,9
824747,1
1352717,17
1352717,20
1352717,2
317248,12
317248,3
905372,8
905372,9
905372,13
1075417,0
1075417,7
1075417,15
3011894,4
3011894,3
3011894,1
61714,0
61714,3
347149,6
347149,7
347149,15
1014762,17
1014762,3
1014762,15
1014763,12
1014763,1
460740,4
460740,3
460740,5
1462900,0
1462900,2
1462900,3
205177,4
205177,14
2034031,4
2034031,5
82243,8
82243,9
82243,13
53125,7
53125,12
53125,9
1791614,4
1791614,3
2347134,0
2347134,12
2347134,3
266489,4
1045658,4
1045658,3
1045658,5
457513,4
457513,9
2463288,4
92099,0
92099,3
92099,5
356150,4
57115,7
57115,3
57115,10
168629,12
168629,3
168629,18
118849,3
118849,15
113820,0
113820,7
113820,15
1535109,2
1535109,3
1535109,1
1226273,12
1226273,3
1226273,9
86637,4
1226271,2
1226271,4
1226271,3
1931388,17
1077258,0
1077258,4
1077258,8
2446192,17
463985,0
463985,12
463985,3
212985,12
212985,3
212985,1
37558,3
37558,5
1440232,4
1440232,3
3636326,17
3636326,2
3636326,14
3302706,3
2974050,4
2974050,3
2974050,15
1454029,3
1285016,2
1285016,3
1575694,0
1575694,1
110932,3
110932,10
1528071,3
1528071,11
1528071,1
1365050,3
1365050,21
2415464,8
2713180,0
2713180,3
2713180,21
323872,4
323872,3
369339,12
369339,3
369339,1
102138,3
102138,10
102138,1
1251757,4
1251757,12
1251757,3
1399103,0
1399103,7
1399103,13
3716142,4
3716142,5
2133239,0
2133239,4
2133239,3
147612,4
147612,3
2387433,8
2387433,13
2387433,1
265029,4
265029,5
45152,4
45152,18
45152,5
497116,17
1418377,0
1418377,11
1418377,13
2042583,3
277027,3
268126,4
268126,3
1790886,4
1922551,17
1922551,3
1790885,3
1790885,10
1790885,1
473488,12
473488,3
1515091,0
1515091,7
1515091,12
2101441,0
2101441,12
2101441,3
3303728,3
257044,12
257044,3
257044,1
1808240,3
1975159,8
1975159,9
1975159,13
978759,12
978759,3
1563738,3
1563738,5
52618,7
52618,3
52618,21
1703148,7
1703148,3
1703148,1
111070,4
111070,3
111070,15
298203,3
298203,14
2650718,4
2650718,3
200720,5
200720,3
1321511,0
1321511,3
1321511,9
1109624,4
1109624,15
758758,7
758758,2
758758,3
119668,12
119668,3
119668,9
758752,4
758752,3
758752,5
2357788,17
1315962,3
1315962,5
2325741,3
2325741,10
2325741,21
1702014,3
1702014,5
424823,4
424823,12
424823,16
50105,3
50105,5
325980,0
325980,7
325980,11
1408253,0
1408253,4
1086772,4
1086772,5
112384,7
112384,3
112384,10
316824,3
316824,1
316824,21
375912,12
375912,3
375912,1
2380331,4
2380331,3
2380331,5
424136,12
424136,3
424136,1
46912,12
46912,1
318462,7
318462,2
318462,3
2235428,17
1020773,3
778661,3
778661,5
5112966,4
1924429,12
1924429,3
1924429,9
3416742,4
3416742,8
94625,6
94625,0
94625,13
3416744,3
3924510,0
3924510,7
3924510,13
780571,4
780571,12
780571,3
432348,12
432348,8
13257,17
13257,8
3965660,6
3965660,20
3965660,3
120484,4
120484,16
2404311,4
2404311,12
2404311,1
2186783,0
2186783,3
2186783,21
100198,4
100198,18
120647,0
120647,3
120647,13
3175038,0
3175038,12
3175038,3
323944,3
323944,10
3538766,17
3538766,2
46828,3
46828,18
46828,5
3387648,8
3387648,9
3387648,1
2243389,4
2967224,0
2967224,4
2967224,12
412536,3
412536,5
2223990,3
2223990,16
1855325,0
1855325,8
1855325,13
57590,7
57590,4
57590,10
1981677,4
1981677,14
1981677,5
1600195,0
1600195,9
1600195,1
2083383,3
2083383,16
172495,0
172495,3
1211956,0
1211956,9
1211956,1
33467,3
33467,9
365907,12
365907,3
365907,9
102603,4
102603,12
2258858,4
2258858,3
92563,8
92563,9
92563,1
2341766,4
2131698,7
2131698,3
2131698,1
3853452,7
110971,4
110971,3
2078768,12
2078768,3
2078768,1
2390361,4
2390361,3
2390361,5
455782,7
455782,4
455782,3
358273,2
358273,3
358273,14
3488328,0
3488328,1
50976,3
50976,11
78504,7
78504,15
78504,11
1661199,3
1661199,15
1661199,11
419420,4
419420,3
2359024,12
2359024,3
2359024,1
3397884,0
3397884,12
3397884,3
257076,0
257076,12
257076,1
795461,4
840322,3
840322,16
1270262,2
1270262,3
1270262,1
289848,4
289848,12
3066270,4
303356,17
303356,2
303356,12
1854236,4
1854236,5
478087,2
478087,12
478087,3
988108,3
61189,0
61189,3
61189,1
2625030,0
2625030,12
2625030,3
396184,12
396184,3
1887785,3
1887785,9
1798188,6
1798188,3
1798188,15
93389,2
93389,3
93389,10
97937,2
97937,3
1117385,12
1117385,3
166924,3
166924,9
166924,1
1210819,0
1210819,7
1210819,22
67128,12
67128,1
1981107,0
1981107,7
1981107,3
120863,3
120863,21
93010,3
93010,1
1629443,4
1629443,3
1629443,15
96061,4
96061,3
96061,11
76451,3
76451,14
76451,18
1321860,3
2243361,4
92005,7
92005,3
64116,22
64115,2
64115,12
64115,3
373926,9
373926,1
1477855,2
1477855,4
1477855,3
2806788,4
2806788,3
2806788,5
296572,0
296572,7
296572,13
275277,6
275277,0
275277,12
61989,4
61989,15
87469,0
87469,7
1545754,4
1545754,3
800039,4
800039,3
800039,5
1920945,2
1920945,3
1920945,14
2006810,4
2006810,3
1663207,4
1663207,12
1587707,17
1587707,4
2195548,4
2195548,3
368574,6
368574,13
368574,20
120915,0
120915,7
120915,11
79470,4
120910,6
120910,15
120910,11
79477,7
79477,4
79477,5
1981115,0
1981115,7
1981115,11
817230,4
817230,5
896529,3
896529,5
1336608,4
1336608,3
1336608,18
99951,2
99951,12
99951,3
4437212,3
3074780,17
3074780,2
3074780,14
2368553,0
2368553,3
2368553,1
46359,4
46359,3
46359,21
2315226,3
363547,0
363547,8
363547,13
92605,4
92605,3
92605,5
79679,4
79679,3
79679,5
2309260,8
2309260,1
116250,2
116250,3
116250,10
1741243,0
1741243,4
1741243,12
1198156,3
2802154,3
1840417,3
1840417,9
1840417,5
113957,0
113957,12
113957,3
1904996,0
1904996,12
1904996,1
4353376,17
4353376,2
4353376,16
2404583,0
2404583,7
1426329,2
1426329,3
86154,8
86154,9
86154,1
1519461,8
1519461,13
1519461,1
1570583,3
2884206,3
2884206,13
2132285,2
2132285,12
2132285,3
1258197,9
1258197,1
1821700,0
1821700,3
1821700,1
2194499,3
2194499,11
2194499,5
1659337,3
1659337,5
146882,4
146882,3
146882,14
2503944,4
2503944,3
1659338,0
1659338,1
54615,4
360717,0
360717,7
360717,3
89686,8
1047011,4
1047011,3
1047011,14
441796,8
441796,1
1583421,0
1583421,7
1583421,13
2184339,8
2184339,13
2184339,1
435625,7
435625,8
125439,4
125439,3
125439,5
62452,3
181288,17
1551630,12
1551630,9
1551630,1
260991,3
260991,1
260991,21
2230358,12
2230358,8
463998,2
463998,12
463998,3
1077368,4
1077368,8
2301592,2
2301592,3
2301592,11
37017,1
37017,21
326664,2
326664,3
326664,16
448694,6
448694,7
448694,4
1839492,4
1839492,3
1839492,11
450188,2
450188,3
450188,14
1999995,8
1313104,17
1313104,12
107658,4
107658,5
760311,4
760311,3
760311,5
363163,2
363163,3
363163,21
1228705,0
1228705,7
1228705,13
2139843,3
436857,17
3327624,8
3327624,13
3327624,1
2357790,3
410297,3
410297,11
410297,5
51201,3
51201,9
266543,6
266543,7
266543,4
240772,12
240772,1
384680,4
384680,3
1588895,3
1588895,11
38650,3
38650,15
38650,11
61852,6
61852,7
61852,15
3881410,6
3881410,15
120681,8
120681,9
120681,1
1462041,3
1462041,9
1462041,1
106918,3
106918,9
106918,1
3503460,3
3503460,13
98384,4
98384,3
98384,5
1051904,7
1051904,4
1051904,11
183505,4
2609222,4
2310792,3
1058017,4
1058017,11
3782876,0
3782876,7
3782876,12
86960,0
86960,4
86960,12
111686,11
111686,8
111686,9
83580,7
83580,4
83580,16
1728196,3
1568341,4
1568341,12
1568341,3
758746,8
960144,0
960144,4
119051,0
119051,7
119051,3
2994190,3
2994190,21
438488,0
438488,13
2848292,4
2848292,14
1057500,2
1057500,3
1057500,10
1243957,0
1243957,5
1243957,1
2468774,0
2468774,9
2468774,1
882977,0
882977,3
882977,1
1911644,12
1911644,1
104070,4
104070,11
59742,2
59742,3
59742,15
1615065,12
1615065,3
1615065,1
124901,0
124901,4
124901,12
59749,3
59749,1
1132626,8
1132626,9
114345,3
114345,5
1132620,12
1132620,3
1132620,9
948470,0
948470,7
948470,11
476649,8
476649,1
351283,6
351283,7
351283,4
49223,0
49223,7
49223,15
2051894,3
2051894,16
1245492,4
1245492,11
3503730,17
3503730,20
1366365,0
1366365,1
387808,7
387808,4
387808,13
2209418,3
2209418,5
151804,4
1465487,4
1465487,5
1924435,4
3399024,4
3399024,3
1690953,6
1690953,4
1690953,15
1172203,6
1172203,4
1172203,11
102926,12
102926,3
102926,1
210945,2
210945,3
210945,16
2901736,3
100161,3
100161,8
100161,1
2279373,6
2279373,7
2279373,4
66995,0
66995,7
66995,1
1838544,3
1838544,9
1838544,1
365376,3
365376,8
365376,9
1107860,4
1107860,12
2980794,7
2980794,3
2980794,5
385002,12
385002,3
385002,16
66999,0
66999,12
66999,1
861739,0
861739,12
861739,3
3475504,4
3475504,13
76666,3
76666,14
901476,4
901476,5
2383662,4
2383662,3
2383662,5
1187064,9
1187064,1
79116,2
79116,12
79116,3
2997766,17
1124035,3
120586,12
120586,3
95384,4
2165735,0
2165735,12
2165735,3
39694,12
39694,3
39694,5
74285,8
2005374,2
2005374,12
2005374,10
1673434,7
1673434,3
1673434,11
1385956,17
457275,8
457275,13
457275,1
1599348,0
1599348,12
1599348,9
110006,4
110006,3
110006,15
2090497,1
393109,12
393109,3
393109,9
95705,4
95705,12
1928340,3
1928340,11
1928340,13
432283,6
432283,7
432283,4
96874,7
96874,4
96874,13
3767372,4
3767372,3
76590,8
76590,13
1877832,0
1877832,7
1877832,13
98635,4
98635,3
98635,5
120082,8
120082,9
2382298,17
2382298,2
1305806,3
1305806,9
1305806,1
1019452,4
1019452,3
47577,8
47577,9
47577,13
3727824,8
2691498,3
2691498,10
362227,4
362227,3
362225,12
362225,3
362225,9
3014666,4
104427,2
104427,12
104427,3
762073,3
762073,8
762073,1
2192582,4
2192582,3
2192582,9
2304426,3
1640459,0
1640459,4
1640459,1
455824,7
455824,3
455824,5
2069787,20
2069787,3
2069787,13
6414,20
6414,4
6414,5
2377322,8
2377322,9
2377322,1
68168,0
68168,12
68168,3
54866,3
54866,5
1658837,12
1658837,3
1658837,8
450405,0
450405,7
450405,11
1405365,4
1405365,3
1405365,5
814314,3
814314,5
2494384,3
56217,3
56217,22
1152836,2
1152836,12
1152836,3
1201607,7
1201607,3
1201607,11
762107,4
762107,5
2094064,4
2094064,3
2094064,5
2187115,3
1723121,0
1723121,7
1723121,4
2436386,13
2436386,1
1737747,17
1737747,2
1737747,10
2009402,3
2009402,11
1596343,0
1596343,12
1596343,1
1016301,9
1016301,1
1233227,8
1233227,9
328107,0
328107,12
328107,3
105112,0
105112,1
418647,3
418647,15
418647,16
289944,1
1798684,0
1798684,3
1798684,16
446755,3
446755,5
60647,4
60647,12
60647,9
2304771,2
2304771,3
2304771,10
92610,4
92610,8
92610,13
56193,3
56193,5
2802144,0
2802144,7
2802144,4
2548208,0
2548208,12
2548208,8
34409,4
34409,18
34409,5
104348,3
62512,0
62512,7
62512,1
808276,3
808276,8
808276,9
86034,0
86034,7
86034,1
1286537,17
64030,3
64030,10
259516,3
