movie_id,country_id
3112654,0
1571222,1
1571222,2
1571222,3
1571222,4
2756032,5
2370248,5
57171,6
57171,0
1433540,7
1433540,8
1433540,0
1433811,5
1608368,5
1220634,2
1220634,0
1220634,5
1220634,3
858479,5
112573,5
834001,5
834001,9
1662293,5
2640474,10
1188113,5
56993,5
338564,11
1649444,12
63442,5
89670,5
101765,0
101765,13
101765,14
4065308,6
871510,15
101761,5
2310332,9
2310332,5
69400,0
69400,6
133189,5
1045772,0
1045772,5
481141,5
481141,16
486655,1
486655,5
486655,17
1645170,5
112883,5
110719,18
110719,0
378109,5
1928330,5
1074638,1
1074638,5
2532528,5
112792,5
1707386,5
1707386,1
2473794,1
2473794,0
2473794,2
196499,5
146984,5
115685,5
112401,0
112401,5
1282140,5
175880,5
108399,5
108399,0
2914892,2
43014,5
108394,0
108394,13
108394,4
2191701,5
1453405,5
60827,19
770703,5
477348,5
416960,20
1646980,5
2042568,5
2042568,1
2042568,0
756648,0
1790864,5
61512,5
108550,5
247199,5
365748,1
365748,0
87803,1
2467046,5
2467046,3
91419,5
3196174,17
3196174,0
1528100,1
1528100,5
1528100,12
2752688,5
381061,1
381061,21
381061,5
381061,2
381061,22
455584,12
455584,1
758774,5
758774,1
129387,5
1959490,5
800027,5
80339,5
454876,5
454876,23
454876,1
974661,5
443489,5
30522,2
85780,5
85780,1
443680,5
443680,3
443680,1
110632,5
1945087,5
2511428,5
119194,5
94737,5
887883,5
887883,1
887883,0
1375666,5
1375666,1
114069,5
52357,5
56512,6
1872181,5
2637276,5
2332707,11
2332707,24
84237,5
84237,1
84237,25
84237,26
120663,1
120663,5
2402105,1
195714,5
195714,3
109040,5
1772424,0
1772424,27
1772424,28
1772424,6
3235888,5
120669,5
2450186,5
2450186,3
2450186,29
114168,5
416315,16
938330,0
938330,5
938330,3
1758795,5
2097298,5
186151,5
1430607,1
1430607,5
350258,5
361862,12
361862,5
77416,1
77416,5
1028528,5
3682448,5
3682448,15
3682448,2
2383068,5
2788228,7
120591,5
462499,5
462499,2
120598,3
120598,5
452594,5
51658,5
808510,5
808510,3
83658,5
83658,11
83658,1
3671074,15
3671074,3
1562872,15
120601,5
4156700,18
65063,5
2395199,5
2395199,3
1381404,5
1381404,3
54144,25
1661420,0
357413,5
1637725,5
3202890,24
3202890,30
3202890,5
2359002,31
3715320,5
70511,0
70511,5
451094,32
350720,33
1836212,5
4229236,5
221073,16
999913,5
1809398,5
102713,5
824316,15
44081,5
414951,5
1988781,5
1821694,5
1821694,0
1821694,3
1854564,5
211933,5
1360860,20
1360860,0
87843,6
87843,5
433387,5
1234548,5
1234548,1
2262227,5
113161,5
2846974,19
213149,5
3248600,5
372183,5
372183,2
2398249,5
762114,5
762114,16
2545118,5
1967545,5
104652,25
2094018,5
1596350,5
986263,5
437777,5
497986,25
497986,32
1323594,5
775529,5
1063669,2
75148,5
398017,5
398017,1
81562,5
66181,5
945513,5
945513,3
2059171,5
458525,5
458525,1
1735898,5
4142022,6
82495,5
1617661,5
1617661,16
97733,5
1905041,5
1440292,1
1440292,5
118929,16
118929,5
387564,5
387564,16
1858481,1
301976,5
332452,5
332452,34
332452,1
1170358,5
1170358,9
4044364,5
4044364,2
4044364,1
2420886,0
405325,5
389860,5
1409024,5
2347144,25
32138,5
1478338,5
367089,5
371772,25
371772,20
1838603,2
1838603,7
1838603,5
1838603,0
2279786,19
2279786,2
90555,16
1126590,5
1126590,3
120620,5
2382396,5
71807,1
71807,5
1522232,33
2378936,35
1603257,5
1603257,3
1210166,5
345551,5
2308860,32
209144,5
2215477,15
780622,5
2224317,15
1911553,0
1911553,12
113303,5
496806,5
86984,5
929632,5
997246,20
1226240,5
311113,5
1808454,13
120873,5
227445,5
227445,2
1413495,5
1413495,15
1413495,0
2088003,36
2088003,1
2088003,2
2347569,5
2347569,33
1179034,0
889588,16
889588,24
889588,2
889588,5
230838,5
1990314,5
1179031,5
1179031,0
114924,5
1220719,11
1220719,24
1190080,5
364517,0
364517,7
1441940,1
1297919,1
1297919,0
1297919,5
57012,5
57012,1
2576852,25
61747,5
1396226,6
1396226,12
1922777,5
1922777,1
2139555,5
217869,5
1726592,1
1726592,5
1726592,0
1726592,19
1032815,3
1032815,5
1991245,5
114814,5
114814,2
2937898,5
2937898,37
79817,5
183523,5
427969,5
2293138,0
208092,1
208092,5
1392214,5
1951266,5
1951266,2
986264,15
1951264,5
171408,38
74812,5
1951261,5
2172934,5
2172934,0
2520394,5
88683,5
1204340,1
489099,5
489099,3
896872,3
896872,2
119217,5
2436516,15
215750,5
215750,0
215750,2
215750,1
215750,39
1316624,3
1773764,15
1773764,31
1316622,5
1316622,3
1243974,5
137523,5
137523,2
2381249,5
448011,5
448011,1
448011,16
443274,5
55572,0
55572,6
84503,1
443272,5
443272,15
2294677,5
2556308,15
119038,0
1068680,5
1068680,16
233841,20
85794,5
3438640,5
70047,5
1726669,5
251075,5
456149,40
1300851,5
1300854,5
1300854,24
365485,5
365485,2
365485,39
1700845,1
65207,1
65207,5
330373,1
330373,5
77394,5
120885,5
144117,3
144117,5
3503840,40
3503840,5
361127,5
1375670,5
1650554,5
1650554,1
1650554,25
1559036,5
1092026,5
1092026,1
56566,5
52847,5
364045,5
364045,16
254686,41
254686,0
254686,2
44079,5
120616,5
369702,12
369702,0
369702,6
2141941,5
1135084,5
399201,5
74777,5
364970,0
444672,5
375679,2
375679,5
1555093,1
899106,5
899106,3
899106,1
1430612,0
1430612,3
327056,5
327056,16
3179568,5
1423995,5
910970,5
1028532,5
1028532,1
499335,20
2980592,5
2980592,1
2044729,5
1855199,5
104254,16
104254,5
2014248,5
337741,5
1424432,1
1424432,0
1424432,5
1424432,33
1568346,5
1568346,19
1568346,14
3029558,25
104466,5
336693,20
163978,5
163978,1
456912,32
988045,5
988045,2
2281267,5
1446192,5
470752,1
2215077,42
2215077,1
1402488,16
993846,5
993842,5
993842,1
993842,2
83791,5
83791,1
1506999,39
1506999,5
452694,5
95271,5
429493,5
421239,5
2082197,15
375611,15
872230,5
970179,5
1542344,5
1542344,1
1646987,5
1646987,12
81506,25
81506,5
89880,5
1129442,0
1129442,1
1129442,5
96256,5
1212450,5
990407,5
72308,5
1631867,5
1631867,3
462538,5
892769,5
2292959,5
1956620,5
841044,0
841044,2
1979319,25
810913,5
67116,5
472062,5
472062,2
1132195,1
1132195,16
335245,5
1560747,5
1060277,5
2692250,5
2692250,1
1490017,16
1490017,5
1490017,43
1714206,5
2645104,44
1714203,5
2561572,5
2388715,5
497465,12
497465,5
1714193,31
320661,5
320661,1
320661,12
320661,2
320661,45
167261,5
167261,9
167260,5
167260,9
348836,5
2582802,5
2323264,31
2920808,5
2203939,5
322802,5
1068641,5
1068641,46
2063781,5
277941,16
277941,1
277941,5
277941,0
258463,5
258463,2
258463,21
1566503,1
1566503,47
116126,5
472118,19
472118,5
469623,5
469623,1
469623,3
800080,5
1561768,13
1561768,14
1561768,39
1561768,48
1561768,0
2091473,5
2091473,37
3134066,49
1288558,5
120890,5
2509270,21
388980,5
388980,3
78718,5
263488,2
263488,5
56172,1
3310280,0
3310280,20
3310280,50
1183911,1
1183911,12
3263614,5
87544,25
1724962,25
128442,5
1247683,5
2557490,5
2273657,5
322330,5
385568,1
403702,5
113799,25
445990,5
414387,0
414387,1
414387,5
1641400,31
1189340,5
187393,5
187393,2
372884,5
1935065,16
46250,5
320244,5
320244,31
1119646,5
1119646,2
164052,5
164052,2
60665,1
2918436,5
90859,5
387131,1
387131,2
387131,5
387131,24
396269,5
1226236,6
1649419,12
1649419,5
1192628,5
245844,1
245844,5
245844,39
1951181,5
3168230,1
3168230,5
2866360,5
2866360,1
108002,5
390384,5
1588334,5
1645155,5
1645155,3
1645155,7
1645155,1
2409302,25
36775,5
1340138,5
1037705,5
2216240,43
2962726,1
364569,32
1477076,3
1477076,5
2304953,2
2304953,3
2304953,5
4284010,5
371746,5
1229822,1
1229822,5
1571249,5
431021,5
431021,3
2261331,1
2261331,5
2261331,18
62136,0
62136,6
1308729,5
325805,5
2131523,51
276919,43
276919,19
276919,1
276919,0
276919,2
276919,31
276919,14
276919,36
276919,6
3819668,25
1250777,1
1250777,5
133093,5
133093,16
128853,5
1462769,5
780504,5
80684,5
2396566,5
309377,5
75686,5
1995329,5
1440129,5
2608178,5
1718747,12
1718747,40
1718747,18
1718747,0
338751,5
338751,2
319061,5
132347,5
2626350,5
1538403,5
1538403,2
1538403,3
171804,5
1694021,5
1694021,3
1694020,5
84855,5
2190838,3
2415022,5
246578,5
2352802,5
2210781,5
2106476,43
2106476,19
103772,0
103772,5
54389,0
103776,5
103776,1
4046784,5
54387,5
862846,5
70077,5
80354,5
2024519,7
2024519,31
2431286,1
2431286,5
2431286,0
1296898,5
311289,5
1032825,5
448157,5
405094,2
2172584,3
2172584,2
2172584,0
2172584,5
1726589,5
1726589,3
102951,5
91763,1
91763,5
3477480,44
117665,5
117666,5
381681,5
2309788,52
2309788,0
100157,5
2053425,0
2053425,7
488658,5
100150,5
2461132,15
1702439,5
2369135,5
2369135,1
2369135,0
2369135,51
93870,5
1949548,15
3247714,5
3247714,1
110148,5
1262416,5
2830416,1
2294473,25
2170439,5
1340107,43
1340107,19
1595656,5
91167,5
118799,6
1723811,1
203019,5
375063,5
375063,48
1932767,5
111495,0
111495,4
111495,13
370032,5
1091722,5
1216491,5
1886493,5
1470827,1
106701,5
2364841,5
1674771,5
117407,43
2611626,5
1631707,5
2186562,2
480687,5
2326612,3
1815708,5
2302755,5
3346824,14
3346824,2
106519,5
120735,1
120737,9
120737,5
120731,6
104257,5
167404,5
112579,5
1491044,5
117060,5
2726560,5
2893490,5
795421,5
795421,1
795421,2
2011159,5
301357,2
2345112,5
482571,5
482571,1
43456,5
100934,5
100935,5
2265534,5
332379,5
332379,2
162222,5
128445,5
2058107,16
2058107,1
2058107,4
1047540,5
2574698,15
376994,3
376994,5
376994,1
1183919,5
1183919,1
304415,5
256524,5
256524,2
1588337,0
1268799,5
2582496,5
1791682,5
2621000,15
365830,5
365830,2
889573,5
99005,5
475276,5
475276,1
475276,0
473705,5
473705,1
473705,0
1966604,1
44937,5
1320253,5
68646,5
1924396,6
93058,1
93058,5
116209,5
116209,1
2316411,3
2316411,12
2316411,0
70666,5
70666,6
1440728,5
1440728,1
1568150,5
1924394,1
1924394,0
1924394,7
1924394,6
91830,0
3705388,6
95827,1
280707,1
280707,5
280707,6
1029360,5
1029360,3
2473682,5
2071620,52
2071620,2
2910274,5
116683,1
116683,5
113986,5
2870612,5
3029766,1
1067583,5
388795,5
388795,3
120660,5
1487931,53
134084,5
1043726,5
272207,5
272207,3
133751,5
264472,5
1572315,5
2044040,5
1826660,18
478970,5
430922,5
430922,2
2799166,5
2015381,5
2015381,1
912583,5
87004,5
959337,5
959337,1
113540,5
1570728,5
1272878,5
790736,5
266697,5
84787,5
3311384,1
209163,5
479952,5
2334649,5
419887,5
419887,24
1104001,5
79522,5
1403981,5
2357291,5
1859650,5
1859650,6
1859650,12
1532503,5
1307068,5
1307068,54
1307068,30
1307068,29
60675,0
60675,19
1788391,1
2072933,3
430105,5
3171886,31
56923,5
825232,5
1623205,5
477080,5
1103275,5
1103275,0
1474276,25
57036,6
3409392,0
3409392,55
410097,5
458339,5
1810683,5
1810683,35
3316948,5
3316948,4
829150,5
829150,25
441773,5
1228987,1
1228987,5
98206,5
1132285,5
1132285,3
1132285,0
3303444,53
15163,5
187078,5
97576,5
457430,12
457430,35
457430,5
1772980,18
138097,5
63522,5
3680410,16
1349451,5
86190,5
1907668,5
829482,5
81398,5
3569230,1
3569230,0
1230215,5
1070858,5
2213054,15
2002789,5
427944,5
2528814,5
404978,5
107290,5
1837562,1
2248944,46
1529572,5
1602613,43
1602613,19
1602613,56
1602613,5
1602613,0
40897,5
2184287,1
1191111,0
1191111,2
1191111,6
1191111,3
838221,5
787474,5
1972779,5
84868,5
3060492,5
3060492,1
1220198,5
1220198,1
454848,5
1379182,50
119784,5
119784,6
1683526,5
48316,5
1368440,5
1368440,18
443453,5
443453,1
74958,5
2396429,25
1258972,5
1258972,11
401792,5
395495,5
3165608,5
77572,1
77572,5
169547,5
2317225,1
1554091,5
1424310,11
1424310,24
1399683,5
2235108,5
2616880,5
1379176,18
1996264,5
319343,5
319343,2
2201251,5
74483,5
119164,1
119164,5
1355630,5
278504,5
278504,3
2339741,1
2339741,5
2339741,3
120632,2
120632,5
360201,1
360201,0
360201,5
404203,5
2125608,19
2125608,1
2125608,36
1433108,5
1441395,1
1441395,5
1441395,4
3544082,1
203009,5
203009,16
32143,5
3541262,32
1670646,31
1670646,57
1670646,5
1670646,37
144084,5
370263,5
370263,1
370263,21
370263,3
370263,2
3539664,0
2083355,5
2179116,5
34298,25
443701,5
443701,3
91203,1
118760,5
118760,39
84021,5
443706,5
147800,5
465551,1
54177,0
2027064,5
298408,5
100234,20
1229340,5
1605783,12
1605783,5
1605783,0
2293640,5
49406,5
1547234,5
48424,5
117500,5
1646975,6
1646975,2
1646975,4
2368749,35
2368749,0
2402751,35
879870,5
2322601,25
800241,12
800241,2
800241,1
800241,58
398842,5
46126,5
2130321,9
2130321,5
119822,5
1540741,1
1540741,5
1540741,3
808417,0
808417,5
266987,2
266987,5
266987,25
266987,0
876563,25
1038919,5
223897,5
942385,5
942385,1
942385,2
232500,5
232500,2
1247690,5
1247690,0
1247690,21
3181822,5
1496025,5
110357,5
245686,5
120382,5
107822,9
107822,16
107822,0
120389,5
120389,25
117438,5
116922,0
116922,5
1186370,5
457939,5
2334879,5
91431,11
91431,59
1498569,5
42004,1
190590,1
190590,0
190590,5
335266,5
335266,25
1814930,5
206634,5
206634,1
381270,0
2050634,43
2076220,0
2076220,2
2494834,19
1440732,1
1440732,6
1456635,5
1456635,3
87363,5
116695,5
2140379,5
1431181,1
2416376,5
2416376,0
1622547,2
1622547,3
1622547,5
2140373,1
2140373,16
2140373,5
1638002,2
1638002,1
356910,5
1661382,5
1029234,0
1029234,3
72890,5
1279935,5
1632708,5
54953,1
54953,5
1401152,1
1401152,2
1401152,0
1401152,5
121164,5
121164,1
770828,5
770828,3
770828,1
382932,5
2402101,1
2402101,0
2402101,5
46303,5
82199,1
82198,5
457572,3
379786,5
421073,5
2103217,0
2103217,5
86200,5
118971,5
118971,2
1441952,1
1441951,1
833476,15
70723,5
1704573,5
55601,12
55601,35
989757,5
2910904,16
498380,5
217505,5
217505,6
2717822,5
125664,1
125664,2
125664,25
125664,5
63663,5
2375605,43
2375605,14
2375605,1
81534,5
1663143,5
1586265,5
1954470,15
1194173,5
107048,5
338526,5
338526,21
1659343,5
1942884,3
2040560,5
121765,5
121766,5
72271,5
280380,5
280380,2
3560686,18
245429,25
416212,5
332280,5
55913,6
471042,5
804522,5
446719,1
446719,39
446719,5
222850,5
3169706,1
3169706,0
1486616,5
95574,38
2797242,15
2399533,0
15002,5
997152,5
2551428,13
2551428,12
1065318,43
1428538,2
1428538,5
381849,5
409965,20
409965,25
409965,0
50083,5
2912144,20
1134629,5
102536,0
102536,1
102536,2
102536,5
102536,25
1028576,5
1770734,1
1770734,39
240890,5
2023690,1
115640,1
289765,2
289765,5
337978,5
337978,1
112688,5
1352824,5
1352824,3
1352824,0
848537,5
2644714,24
69824,6
69824,1
50706,0
50706,6
1995341,5
1913166,5
780524,5
1550312,3
1550312,0
3495030,15
1303828,3
1303828,5
1303828,1
2359810,15
67549,5
473174,5
100589,5
2719848,1
2719848,5
2719848,17
1372686,1
986233,1
986233,39
2235779,5
2235779,1
119229,5
2991224,60
2991224,61
57197,1
57197,5
1846526,31
1073241,5
2277150,5
2277150,36
1646967,5
120524,5
141098,5
119008,5
3294634,31
4114762,44
1225822,5
103759,5
101507,5
248667,5
1582507,5
1582507,3
1216492,5
1216492,39
1216496,32
2139965,5
898367,5
1235522,5
1334102,1
1334102,5
452625,5
452625,3
237572,5
3084836,62
373469,5
364725,5
364725,2
816442,5
816442,2
111161,5
3814486,31
88763,5
2096673,5
2096672,5
1291150,5
1758595,1
1758595,0
1758595,19
1758595,7
211915,0
211915,2
83907,5
58461,6
58461,12
58461,26
3079380,5
102975,5
59592,0
59592,6
4008758,7
1049413,5
2326554,5
119177,5
119174,5
1887776,3
1437358,12
2388254,63
449086,5
1600196,5
40202,5
119488,5
485985,5
1937118,0
1937118,5
1937118,7
4215352,5
2883512,5
427312,5
1053810,5
109642,5
2465578,6
2465578,0
3592542,6
3592542,46
758730,5
46688,0
46688,6
1183665,1
1183665,39
1183665,12
1183665,0
1183665,4
408236,5
408236,1
455944,5
1764285,1
3787590,1
3787590,0
3787590,5
844286,5
799954,1
799954,5
951335,5
462346,5
2358891,6
2358891,0
118755,1
118755,5
816711,5
816711,34
1410063,24
1410063,11
825236,0
825236,27
2070862,5
2032557,5
2032557,1
2032557,64
1125849,5
1125849,0
99487,5
267913,5
267913,16
1535438,5
2192888,19
2109184,5
48947,5
1869716,5
1869716,1
499549,5
499549,1
2515034,5
2515034,12
2515034,1
2515034,0
1277953,5
981227,5
372784,5
372784,1
107207,39
107207,1
107207,5
1132449,5
1132449,1
1132449,0
1069238,25
2281587,5
3450650,5
31381,5
1863347,18
298845,39
298845,1
2140203,25
264464,5
264464,3
1899353,29
1899353,0
1899353,5
414993,5
414993,3
1386703,5
1386703,3
2179121,0
2179121,7
2404181,1
1740725,5
82694,16
3077214,1
1935302,1
116778,5
87800,5
271668,5
250468,5
250468,1
2165236,0
1877797,1
3472226,19
2274570,5
881891,5
1525835,25
1784538,5
1525830,43
1706414,18
808331,5
4257858,5
2675914,14
2675914,19
289992,5
289992,2
289992,1
2051886,5
2465140,5
1204975,5
1204977,5
1921070,1
318411,39
318411,1
1616195,5
3678782,15
3203616,5
53291,5
2278871,0
2278871,7
2278871,12
60450,0
60450,6
457433,5
2315200,0
2315200,7
1219289,5
805576,17
805576,2
805576,43
70735,5
805570,5
1430132,5
1430132,1
1430132,16
1430132,25
1038988,12
1340800,0
1340800,1
1340800,2
2103267,16
2103267,0
2103264,25
2103264,5
1840309,5
78748,5
78748,1
1850397,7
1850397,5
1260581,1
55614,5
1068242,5
1099212,5
1777034,1
2975578,5
2975578,0
1596753,5
63256,5
65772,0
2870708,5
120889,5
120889,9
3114132,12
45793,5
1911662,5
1390411,5
1390411,16
1390411,12
1390411,1
1390411,3
450259,2
450259,5
81505,5
81505,1
64757,1
64757,5
1226681,3
859163,5
859163,2
230600,5
230600,12
230600,0
230600,6
283832,0
283832,6
484740,5
2679042,5
2679042,2
2679042,54
2392326,1
2392326,0
1226753,5
1226753,1
1226753,48
1226753,52
765010,5
1446714,5
1446714,1
1502404,5
307987,5
307987,2
79501,16
1827487,44
1827487,65
113189,1
113189,5
1065073,5
86425,5
2131532,5
167926,0
61495,0
85995,5
2357377,32
85334,5
85334,3
397892,5
1155076,5
1155076,24
1316064,5
2034139,5
2034139,0
143145,1
143145,5
1743993,1
57058,0
3316960,5
3316960,0
122136,25
1986994,5
1821658,3
1821658,32
1821658,5
1661820,5
253474,0
253474,13
253474,2
253474,1
822854,5
2305051,5
55830,5
112697,5
1629757,5
2355540,5
1996310,2
1996310,16
1996310,1
449010,5
449010,1
449010,48
1722450,18
926762,7
292963,5
1728976,5
2996684,5
250258,2
780536,1
780536,5
1972571,1
1972571,5
1972571,2
1893256,1
1893256,5
53198,0
108052,5
1324999,5
133240,5
322589,5
367594,5
367594,1
367594,16
109506,5
265208,5
1756851,5
2614684,1
3713166,5
315327,5
3438354,6
1646971,5
1335975,5
66206,5
1329177,5
1264904,0
1264904,7
480249,5
1230165,15
2051879,5
1605717,1
1605717,39
1605717,5
1911658,5
286788,5
1853728,5
2101569,5
1712170,5
1712170,0
1313139,5
137363,5
2105044,5
2039393,5
259711,5
259711,12
111756,5
2106537,15
3417422,15
1657507,0
2120120,5
2120120,24
2120120,3
344554,5
1772341,5
86993,1
86993,5
37674,0
443543,5
443543,21
2294449,5
398286,5
59616,0
368909,56
3195644,3
3195644,5
58458,0
337563,5
339412,5
489270,5
489270,3
427327,5
427327,1
1206543,5
1206543,1
1559547,5
407265,5
95327,25
2243537,5
1883180,19
1883180,2
1883180,14
1883180,0
59037,5
132477,5
118749,5
1007029,1
1007029,0
983213,25
57598,5
101316,0
101316,1
101316,62
64519,1
2206082,31
139654,5
139654,16
2649128,18
84649,5
416449,5
393162,5
393162,2
2013293,25
388125,5
388125,2
388125,1
1059955,5
428803,0
4712818,44
274558,5
274558,1
1764651,5
2043933,5
1270291,5
2082155,66
2082155,5
2193215,5
2193215,1
2071491,3
119809,5
119809,0
221027,5
70355,5
118804,5
118804,39
423977,5
473753,0
1242618,5
1657299,1
70359,0
1294688,5
1294688,0
2980648,15
2980648,37
2980648,5
2109248,5
2109248,24
2179136,5
2739884,18
2739884,67
3138104,5
3322940,5
317219,5
99077,5
419294,0
419294,5
2113075,5
2481198,1
116583,5
458481,5
191043,20
1389137,5
60196,6
60196,12
60196,26
60196,5
900387,1
900387,0
900387,3
900387,7
68473,5
2218003,1
2218003,5
1921064,3
1921064,2
1921064,5
2177771,5
2177771,2
91867,1
1518809,5
3729920,5
99674,5
1731141,5
2078552,1
1720172,5
93640,5
2582846,5
2852406,57
1638355,5
1638355,1
1027718,5
1160996,3
1486185,5
1486185,3
1636826,5
190332,23
190332,11
190332,5
190332,24
99785,5
245712,35
1634136,5
97165,5
1319569,4
1319569,0
1319569,7
1761005,5
71615,5
1203517,5
1666801,5
1985981,15
86006,1
86006,5
86006,26
4372118,31
4372118,68
373883,5
373889,1
373889,5
765443,5
765443,1
765443,3
1980911,1
1587119,0
2325625,41
2325625,44
2112277,5
172156,5
376541,5
376541,1
1684233,1
1684233,5
2004420,5
864835,5
2325977,16
2325977,39
955308,5
955308,1
29843,5
2542368,31
82089,5
425379,43
1262990,5
2562232,5
1709143,1
1709143,39
435651,5
435651,53
435651,3
68699,5
79574,1
79574,0
79574,5
1457767,5
390521,5
41959,1
105793,5
918927,5
1549920,5
1499658,5
118556,5
1480656,3
1480656,0
1480656,69
1480656,6
2309021,5
2309021,0
1698641,5
3712088,0
112864,5
1727388,5
2304915,2
2304915,5
2304915,1
2304915,52
2085002,19
97239,5
101698,5
3672840,24
98253,35
98253,6
1327773,5
3107246,15
112461,5
112462,5
112462,1
2492916,5
2183034,5
2968804,3
2083379,3
1527186,43
1527186,19
1527186,0
1527186,2
3083008,1
3083008,0
497915,15
2473602,5
2473602,1
790804,5
477302,5
80179,11
2114461,5
41996,5
28950,0
33149,5
368222,5
2294629,5
1964418,5
1964418,12
2436452,1
1504320,1
1504320,5
1504320,16
1881024,5
81283,5
1232776,1
1232776,31
1216475,5
113824,25
1979283,50
425112,1
425112,0
425112,5
1964624,0
92068,0
1602620,0
1602620,2
1602620,41
1860355,5
1032751,9
1032751,32
139462,5
420223,5
1032755,1
1032755,5
1032755,0
2234003,39
2234003,1
70034,11
70034,5
944835,5
1954315,31
1954315,7
1954315,43
97742,1
97742,35
97742,5
494222,9
3442006,5
113497,5
2190367,33
1682246,5
3154964,1
1853739,5
1853739,1
405296,5
1605777,0
1605777,13
1605777,1
1626146,2
1626146,3
1626146,1
1626146,53
2191765,0
2191765,7
1847746,46
1847746,12
1847746,14
1847746,0
906108,5
2952602,24
2952602,11
83929,5
2481480,5
1142977,5
370477,31
1825784,5
2332579,63
2771372,5
2053463,5
436331,5
1837709,5
1127180,5
119116,0
66921,1
66921,5
401855,5
3622592,5
101410,5
101410,1
54215,5
473360,1
473360,12
473360,2
1734433,5
72684,1
72684,5
72684,39
4114744,44
2872718,5
382625,5
382625,34
382625,0
382625,1
1753496,25
1838722,1
430357,5
430357,2
430357,70
430357,71
94963,5
2486682,28
2486682,5
2486682,1
3532608,5
1568338,5
485947,7
485947,2
485947,3
485947,0
2333784,5
2333784,0
2333784,72
383574,5
1781922,5
1414382,5
112641,5
112641,0
120776,5
120777,5
1024715,5
1832382,20
1001508,5
1001508,2
1001508,31
1213663,1
1213663,5
1213663,25
1071875,5
1071875,37
3477734,31
2220642,5
183649,5
1276419,43
1276419,19
1276419,21
58331,5
1843866,5
117998,5
3033536,5
290334,3
290334,5
95953,5
95956,5
117571,5
3369806,5
3421514,0
3421514,7
1674047,5
2097307,5
452623,5
878804,5
1670345,0
1670345,5
105223,67
2780748,73
2780748,9
243655,5
107818,5
56592,5
870111,5
870111,1
870111,0
2027140,0
2027140,7
318627,2
318627,0
318627,1
318627,3
318627,5
73312,0
73312,5
1355683,5
1355683,1
2977672,16
110413,0
274497,6
274497,0
257360,5
129167,5
304141,1
304141,5
1182350,5
1182350,12
837562,5
73629,1
73629,5
2400275,4
2400275,0
416044,18
416044,2
416044,74
116483,5
1584016,5
27977,5
433035,5
433035,15
47478,25
3280264,25
117951,1
978764,5
978764,3
91877,5
1592525,0
1618442,5
1618442,24
1618442,3
1234719,5
2343601,5
3554418,15
458352,5
458352,0
99685,5
280030,5
280030,3
280030,16
1045655,5
783233,1
783233,0
783233,5
1763303,5
985699,5
985699,2
2536436,31
93437,5
1147684,5
1598778,5
1598778,37
1486192,5
1486192,12
1486192,48
1486192,75
1298650,5
1298650,1
1748227,5
116629,5
2267998,5
313737,5
313737,16
2345737,16
2345737,5
97904,0
1322269,5
1186788,5
84296,16
66769,5
1130884,5
238380,5
814255,1
814255,3
814255,5
120201,5
1242422,12
1242422,0
106469,5
242527,1
2272918,7
2272918,2
107034,5
450278,5
450278,2
450278,21
450278,76
450278,17
317740,5
317740,0
317740,1
2004432,16
830515,1
830515,5
427309,5
479997,5
2429292,19
3863552,15
55928,1
55928,5
134119,5
1226774,1
466893,5
2402157,5
2402157,1
1823672,5
1823672,35
2126403,1
1517260,5
1517260,4
435680,1
976051,5
976051,2
378194,5
884335,0
1194236,15
2586682,44
1754656,0
936501,0
1711425,5
2226417,5
2226417,3
2397535,16
804443,5
57076,1
57076,5
73486,5
3076658,5
1568921,25
79417,5
2359417,1
2315558,43
2315558,19
272152,5
272152,2
1023111,5
112471,5
112471,41
112471,4
1023114,5
1023114,37
1023114,13
113277,5
1663662,5
2594950,18
1041829,5
1753846,5
1753846,20
1753846,2
2331143,25
477585,20
477585,0
1356790,5
1971352,5
1121096,5
1121096,1
1121096,3
1121096,24
94608,3
94608,5
369610,5
1825157,1
3118706,77
3118706,0
3118706,78
384286,5
320691,1
320691,2
320691,48
320691,5
308644,5
308644,1
1450326,1
425123,5
1450321,1
1450321,2
1450321,19
1450321,7
1450321,5
1055292,5
2752200,0
80761,5
3086442,41
1343727,1
1343727,5
1343727,15
1343727,53
1195478,5
1195478,25
3007512,16
3007512,5
3007512,44
790724,5
408790,5
1164999,35
1164999,12
2167202,5
2167202,72
436697,1
436697,5
436697,0
436697,6
1230385,32
1230385,5
1230385,11
1412386,1
1412386,5
1412386,37
1591095,5
1591095,1
2024544,5
2024544,1
159365,5
159365,1
159365,40
159365,6
85154,5
1055369,5
445922,5
445922,1
1870425,5
1824254,5
2944198,3
1894476,1
1235124,1
1172998,5
1436562,5
3713030,5
1172570,1
1483013,5
964517,5
2180411,5
2180411,1
2180411,3
48261,5
207201,5
2024432,5
281358,5
66466,25
268380,5
418279,5
2224026,5
1196956,1
1196956,5
2080374,5
374546,32
374546,2
2258345,5
1152398,5
1275590,0
386588,5
1714915,2
1714915,1
1714915,0
1714915,50
4408178,20
2245084,5
2101341,5
247586,46
1007028,5
1294226,5
935075,5
2199571,5
2581244,5
38109,5
299658,5
299658,2
299658,3
844479,5
1291584,5
120749,5
61065,25
1291580,5
381707,5
2486678,5
1675434,0
1667310,5
1667310,0
499556,5
499556,3
363988,5
389557,31
389557,2
389557,1
389557,7
356680,5
183659,5
2017020,5
3390572,15
2333804,1
2333804,40
2333804,0
2333804,5
91064,5
91064,1
91064,3
2084989,5
95016,5
95765,6
95765,0
76759,5
76752,1
76752,5
1951265,5
96895,5
96895,1
42192,5
118655,5
118655,2
91209,5
200550,5
225071,5
1684925,16
114709,5
2239832,5
1465533,5
1992258,1
105236,5
810922,5
810922,2
2172935,5
70379,5
2027154,1
109831,1
441909,12
243133,5
243133,1
1615147,5
385267,5
2493486,21
2493486,32
120693,5
103873,9
103874,5
2387559,5
2387559,15
481499,5
1488555,5
2398231,5
2398231,0
468492,32
1016075,5
3082826,5
3698408,44
1182345,1
117381,5
1637688,5
25878,5
1653064,5
1686821,5
1686821,1
1686821,40
377092,5
377092,3
377091,5
2870648,1
2870648,5
50850,0
50850,6
2182019,29
1601475,5
59112,5
96332,5
1606389,5
1606389,0
1606389,16
1606389,1
1606389,2
1606389,3
416881,25
432021,0
432021,16
432021,2
432021,1
432021,5
75314,5
398883,6
116367,5
813547,41
813547,2
1841642,5
1841642,1
2401621,31
1655442,0
1655441,5
1655441,3
353969,32
397535,5
3638012,25
3638012,5
1034032,5
25905,5
1214962,5
453562,5
93137,5
4158834,44
4158834,2
34248,5
212712,11
212712,24
212712,0
212712,6
212712,2
3547740,0
3547740,7
2717860,1
198781,5
2170299,5
1706593,5
3283556,17
3283556,5
1731697,1
1731697,3
1731697,5
65724,5
2009606,1
445946,2
445946,5
101921,5
1748122,5
81186,5
186566,5
186566,16
2112124,15
107554,5
1587310,5
1587310,1
1197624,5
71562,5
72231,38
118884,5
118880,5
1535970,5
1535970,2
1535970,79
63198,25
53318,5
76227,11
76227,32
866439,5
866439,1
1430077,5
1706620,32
1706620,21
1706620,5
1706620,0
413099,5
1931435,5
884328,5
975645,5
975645,1
1276104,5
1276104,24
1448755,1
1448755,16
317919,5
317919,2
317919,24
2357129,5
2357129,4
1010048,1
1010048,5
372764,5
372764,25
181875,5
1707392,5
98273,5
1823664,5
97216,5
1884457,5
1884457,3
86383,5
58947,5
1464540,5
1560671,19
119528,5
89469,5
89469,1
15864,5
1568911,5
1568911,1
46521,6
46521,0
86250,5
416320,1
416320,18
416320,39
416320,8
416320,5
371257,5
445939,5
47136,5
112642,5
3331846,25
3331846,5
1403865,5
72431,5
1531901,1
1531901,5
1531901,39
2503154,5
1174732,1
1174732,5
181852,5
181852,2
181852,1
2318527,5
391304,5
1951216,1
1951216,5
2920540,1
82971,5
2818178,43
2818178,0
1150947,5
43618,1
115734,5
1667889,5
1881002,5
1440345,6
1440345,0
1440345,39
1821593,7
1821593,31
2234155,5
3663040,5
1351685,5
2059255,63
2059255,5
2059255,0
2059255,35
1568863,0
790628,5
1270798,5
1270798,1
241527,1
241527,5
60880,1
60880,5
2338151,15
1594562,5
2934404,18
1392190,16
1392190,5
1371111,2
1371111,5
1371111,11
1371111,54
1156398,5
1800241,5
119282,5
69467,19
1800246,5
3966942,61
3966942,0
3966942,1
3966942,2
1370429,15
2404463,5
3431900,1
2404461,0
2404461,6
2404461,20
1781769,1
86879,5
86879,0
50212,1
50212,5
62622,5
62622,1
109936,5
2543336,5
2708946,5
1024648,5
971209,5
1013743,5
2495118,11
1976000,1
1976000,0
1976000,5
395972,5
907657,39
2908446,5
1588170,32
1588173,5
1588173,3
368975,5
1481572,5
2828996,5
1945062,5
2039345,12
146675,5
108330,5
1033575,5
2325002,5
2872732,0
2872732,5
1937390,43
1937390,2
1937390,7
1937390,1
1937390,0
4192740,44
1481576,5
25316,5
2822400,2
2356180,15
2002718,18
2002718,5
2046090,12
116191,1
116191,5
2364006,12
2364006,39
2364006,0
2334873,5
842926,5
1291570,5
409182,5
109686,5
118715,5
118715,1
115678,5
1862079,5
2106361,5
450314,5
450314,3
450314,2
107943,1
107943,5
480025,1
24844,0
887912,5
120755,5
120755,2
2980472,5
1213648,5
1213648,1
265666,5
110093,5
2299842,32
1815862,5
1213644,5
83943,5
302886,5
2244901,1
2244901,0
1598822,5
1829012,2
1829012,0
83944,5
2017038,5
94008,5
375173,1
375173,5
1598828,5
48673,1
48673,5
1386588,5
1641975,39
1641975,1
99423,5
3411432,2
3411432,7
3411432,8
3411432,39
1772240,5
1772240,3
3302962,15
2465146,5
1776143,11
2361509,5
2178470,15
3805180,18
3447364,15
71360,5
1205489,5
1205489,2
2050633,5
2050633,3
2390237,1
1418754,16
120689,5
254679,20
1320261,5
385277,20
370986,5
370986,31
59578,6
59578,12
59578,26
1682180,1
1682180,5
404032,5
120685,5
120685,25
2388637,5
2377938,15
2126355,5
2126355,16
2126355,3
2776074,0
2776074,7
2776074,21
2776074,41
3322420,15
21749,5
79945,5
79766,1
58946,6
58946,80
478829,4
2358925,5
2718492,13
2718492,43
2718492,0
2718492,1
429573,1
429573,3
429573,40
429573,5
2182001,18
372588,5
372588,2
903624,5
903624,9
56663,0
1323045,5
71141,26
117802,5
1606392,5
1334553,5
1234721,5
259072,20
210065,1
210065,2
210065,39
2318092,5
1564367,5
1638364,5
421715,5
430770,5
1001526,5
1210042,5
78788,5
1188982,15
1306980,5
1827579,1
1621045,5
266308,25
840361,5
434409,5
434409,1
434409,2
94898,5
2395427,5
2229499,5
376136,5
1155592,1
1155592,5
40652,5
2113681,19
2113681,18
2113681,1
2113681,0
2113681,12
1133985,5
1034314,36
1034314,2
1034314,16
103060,5
103060,11
103064,5
103064,0
892318,5
1234654,5
1253863,5
2203308,15
116040,5
259288,5
259288,2
482606,5
34583,5
3625152,5
2660332,19
2660332,43
2379713,1
2379713,5
113677,5
2458912,5
2458912,81
2458912,82
2458912,83
2458912,56
253556,5
253556,1
253556,39
1748207,5
780548,5
309698,5
1634121,5
1634121,1
1634121,12
1756750,3
800369,5
808399,5
113819,5
342735,43
342735,19
342735,31
342735,0
342735,2
342735,1
342735,6
804463,5
2652092,84
2652092,15
2652092,5
196229,2
196229,5
3264102,5
3264102,18
1748179,12
1748179,5
1567609,5
268978,5
2765340,24
442933,5
479884,5
1629242,5
3530002,5
489281,5
335345,5
210249,85
236493,5
449059,5
460791,5
460791,15
469494,5
113490,5
363589,5
293662,0
293662,5
1931533,1
1798709,5
2781030,16
2115388,24
1691917,5
2855648,15
3152624,5
947798,5
1860353,5
1533053,5
1313092,16
488120,5
488120,2
2171867,5
88847,5
1540133,39
803061,16
803061,5
395169,1
395169,5
395169,6
395169,53
395169,3
61722,5
475730,18
2378281,35
93409,5
49373,1
72353,0
1611224,5
1816518,0
1816518,7
1816518,8
790636,5
112818,1
112818,5
1193138,5
380389,5
380389,1
425430,5
2170593,5
1646111,53
1646111,2
65938,59
65938,5
3983266,31
45020,1
2229511,5
1623288,5
32553,5
1515199,5
2012011,5
71487,6
71487,0
1501359,44
465624,5
1441953,1
795368,5
795368,2
795368,1
795368,31
1626139,5
3697626,32
31885,0
1013752,5
340855,5
340855,2
2507280,5
816692,5
816692,1
145487,5
1650062,5
251160,5
80455,5
1217209,5
344510,0
344510,5
1411250,1
1411250,5
1937149,12
1639826,12
1742650,5
498353,5
498353,21
498353,6
498353,17
498353,76
85251,38
455538,1
1591123,0
307453,5
1592873,5
2401097,5
405159,5
489237,5
456554,5
1343092,16
1343092,5
71315,5
1024744,0
1024744,11
1024744,39
1024744,12
1024744,1
118708,5
1577052,5
105323,5
109045,16
109045,1
1454468,5
1454468,1
796366,5
796366,2
119654,5
2692904,1
2692904,5
1298649,5
185014,5
185014,2
185014,1
185014,25
1555149,33
1905042,5
1905040,5
1905040,18
1905040,1
2341664,35
2245195,5
38057,5
486822,5
361748,5
361748,2
1131734,5
427470,5
455407,5
455407,37
91042,5
1259521,5
83089,59
1408101,5
1318514,5
354356,0
1828995,0
1925479,5
1764183,5
1764183,13
418689,5
974014,1
1480295,5
1480295,7
1480295,72
3612616,3
376968,18
1385826,5
75932,0
75932,4
75932,26
1398426,5
180093,5
117705,5
181316,5
181316,2
119778,5
2980516,1
2209764,1
2209764,24
2209764,5
2018086,0
1764234,5
109830,5
2187884,5
1255953,3
1255953,0
182789,5
182789,2
1386932,11
1386932,24
301470,5
313542,5
1532958,5
24184,5
138563,1
2330866,32
2350496,15
2350496,0
2350496,2
2350496,5
2350496,3
278295,5
278295,2
2910814,5
120787,5
1675192,5
120032,5
1655420,1
1655420,5
2375574,1
97123,5
1613750,1
1613750,14
1613750,43
1613750,2
1613750,19
379725,3
379725,5
1311060,5
1311067,5
1606180,5
469021,1
469021,0
134273,2
134273,5
1126618,5
4594834,5
2238050,0
2238050,5
3042408,2
2102496,5
893412,35
893412,5
285742,5
29583,5
468569,5
468569,1
248808,5
3005242,35
413300,5
289879,5
289879,3
379557,1
379557,5
106226,5
2917388,7
2917388,31
2917388,5
2917388,1
120255,3
1486834,39
1486834,3
1985966,5
1160317,5
2573858,39
2371158,31
87078,5
77975,5
308878,5
308878,0
308878,1
120815,5
330793,5
330793,2
4178092,16
4178092,5
106856,0
106856,5
106856,1
1221208,3
2371486,32
1100089,5
1259014,0
1259014,3
1259014,6
2381941,5
2381941,46
68555,5
40536,5
1791528,5
2707858,0
2707858,7
60176,1
60176,6
60176,5
2668134,25
446029,5
446029,1
446029,3
446029,25
124315,5
2085910,5
2215285,5
1687901,1
181536,5
3330206,1
3138782,44
52301,1
1935179,5
2820852,25
2820852,5
1333125,5
439662,15
1374992,3
1374992,0
56869,5
63555,38
2554274,5
2554274,3
105665,0
105665,5
64072,1
89733,38
113247,0
887732,6
887732,4
887732,0
2978426,0
2978426,7
460766,1
371724,5
371724,1
2023587,3
2023587,12
1509767,2
1509767,0
1509767,1
997263,1
1971325,72
1971325,5
1971325,12
1971325,3
1870529,5
3045616,1
3045616,5
1426378,20
1780762,5
1780762,63
61735,5
1540128,5
1850419,20
1850419,86
1850419,44
831387,5
831387,25
118842,5
104952,5
449467,0
449467,5
449467,35
1946381,5
1345836,5
1345836,1
4450706,44
89218,5
3605418,63
3605418,5
2567712,1
2567712,39
3374966,6
857190,1
2035630,5
2035630,1
1870419,5
1392170,5
109688,11
109688,23
2297063,3
1837703,5
1837703,15
1837703,7
110912,5
2323964,15
1717715,24
1717715,11
241303,1
241303,5
4105970,5
1579361,5
1078588,5
848228,5
4084744,67
4084744,18
1032846,40
1032846,7
1814621,5
817177,5
2006040,1
454921,5
983193,5
983193,9
298814,5
298814,2
298814,3
298814,1
2024469,1
2024469,0
2024469,5
119396,5
2361184,3
2321549,16
2321549,3
368794,5
368794,2
368794,3
116410,5
1441326,5
101393,5
422720,5
422720,0
422720,25
2312718,5
106965,5
106965,0
43265,5
43265,1
327137,5
2172985,3
2172985,5
756683,5
2737050,7
2737050,0
2737050,6
409459,5
58150,1
58150,5
102803,5
3779300,5
3110770,5
4974684,44
493459,1
493459,5
1713476,5
1039960,33
1039960,6
2286990,3
1747958,0
1747958,5
1954843,3
2016940,5
2016940,24
2016940,11
1990181,5
2911666,5
48651,49
66819,5
1524137,5
1524137,1
1524137,0
117958,5
117959,6
117959,0
117959,2
117959,4
2181931,15
53459,0
53459,6
106627,5
1564585,5
1978532,5
1866249,5
111503,5
295297,1
295297,5
295297,2
1772264,5
106308,5
101414,5
1742334,5
83987,1
83987,15
2084970,1
2084970,5
1172233,5
914863,5
2555736,1
2555736,5
70328,1
70328,5
1647477,5
99088,5
3312830,6
3312830,0
3312830,4
3312830,1
1362518,5
120338,5
3268458,5
94721,5
67927,5
67927,1
2870756,5
2870756,1
73195,5
58576,5
2401807,5
2401807,0
1093357,5
2664976,6
1869425,5
94226,5
116996,5
2788710,5
4208868,31
963966,5
3591984,18
256380,5
256380,2
2070597,5
2070597,24
50825,5
412080,9
412080,5
412080,4
412080,25
2147459,16
1477837,5
104438,5
3269074,20
1650028,1
417741,1
417741,5
765429,5
765429,1
3480796,5
315733,5
149650,18
1205537,5
1205537,18
1205535,5
3219080,87
1389096,5
2265398,5
93105,5
1767354,5
1701210,0
1701210,6
1701210,64
1701210,88
2231554,3
2231554,5
2103281,5
1311071,5
1655413,0
1655413,3
1655413,7
2947832,31
1827512,7
1827512,0
1827512,6
1817273,5
117509,5
1694533,19
2322441,5
1920849,5
105695,5
492044,5
492044,3
119896,5
119891,5
119891,25
1792647,5
89853,5
1606378,5
64665,5
3149038,1
51994,1
116289,5
77651,5
1242460,1
1242460,5
3278330,6
3278330,0
3278330,1
116282,5
116282,1
273719,43
273719,2
1648179,5
82766,5
3125472,24
458413,1
458413,2
120804,1
120804,2
120804,0
120804,5
1148204,5
1148204,3
1148204,2
1148204,0
486583,5
1245526,5
3630276,19
3630276,0
3630276,14
3630276,43
1621046,5
1621046,35
2504404,31
362270,5
844708,5
100403,5
1727358,1
2935476,1
2935476,5
450385,5
439477,20
3063516,5
1979320,1
1979320,2
1979320,5
407887,5
407887,11
2265171,29
2265171,5
1085492,5
1085492,1
91829,1
91829,39
91829,5
2268458,16
2609912,5
2278388,5
2278388,2
2278388,1
822832,5
1602472,0
1602472,2
1602472,7
1912398,5
85809,5
1464535,14
1872194,5
1980929,5
1549572,5
386342,43
386342,1
386342,19
386342,14
420332,15
2639344,5
2639344,0
2639344,33
2639344,50
1038686,5
85244,5
3809308,6
1458175,5
1458175,0
1758830,5
307873,15
381966,1
381966,2
1619277,5
106611,5
107214,41
90605,5
90605,1
3596492,14
1175709,5
202470,5
409847,5
1939659,5
307901,5
1231583,5
406280,45
406280,0
1370889,5
1231587,5
1727770,1
1727770,5
4900018,5
1649443,12
1821549,5
119256,5
920473,0
838283,5
181689,5
1682940,5
26029,1
401711,0
401711,89
401711,4
401711,2
1703199,3
352248,5
2231253,5
1043844,5
204313,5
61418,5
2315628,1
112740,5
388482,0
388482,5
464154,5
114369,5
88247,1
88247,5
94291,5
1411238,5
1692486,0
1692486,2
1692486,13
1692486,12
106977,5
1716772,1
359950,5
359950,3
359950,1
2125685,5
2101473,2
473075,5
418763,2
418763,5
100758,5
100758,11
3110960,1
3110960,39
3110960,0
74751,5
67541,16
67541,5
69945,5
2630134,5
2387513,10
2387513,12
3720794,0
3720794,5
3720794,1
74174,5
58743,5
1932718,5
1757746,5
115988,5
1196204,1
910936,5
1647668,5
961097,0
300051,5
66049,5
309987,1
309987,0
309987,6
38787,5
1747967,5
1020072,1
1020072,5
338013,5
884732,5
1267297,5
1758692,5
388182,5
3294200,1
2733258,7
2733258,0
2733258,8
327597,5
1512685,12
67800,5
67800,1
1742044,5
1111313,5
114746,5
1397280,0
422401,5
890870,5
890870,3
2969656,32
1263750,12
392878,5
808151,5
808151,6
1229238,5
1229238,37
1229238,21
2875926,86
2875926,2
2875926,0
1411697,5
2125435,5
449994,15
61395,0
61395,6
120657,5
120655,5
264616,5
264616,2
116736,19
51682,35
93822,5
2334034,20
1091191,5
3194532,18
2737310,5
45810,5
93779,5
2366450,3
100485,5
100485,35
1187043,15
93773,5
478304,5
99700,5
462465,5
462465,2
462465,0
140888,33
140888,0
1535616,2
1535616,5
1535616,3
1535616,0
1784600,0
1784600,56
83190,5
2537176,5
91554,5
1915581,5
452624,5
903657,5
1149362,2
1149362,41
1149362,0
1149362,6
1149361,0
96858,38
821642,1
821642,0
821642,5
2509850,5
93177,1
305224,5
1596365,1
1596365,3
1596365,19
1308165,5
3659388,5
3659388,1
2197849,7
357110,5
1614989,14
1614989,19
1614989,43
1614989,2
1621039,5
1524930,5
1535108,5
1502712,5
1502712,2
1502712,1
1502712,3
1232829,5
1656186,5
1535105,5
396171,2
396171,0
396171,12
396171,5
433350,5
303816,5
1212419,5
1667353,5
1667353,3
1612774,0
1612774,90
87050,5
75005,5
75005,1
2370718,5
1567437,5
1567437,2
93894,5
138524,5
378947,5
120177,5
1625346,5
1640711,16
1640711,1
120879,1
120879,5
2452254,0
2452254,2
2452254,4
1640718,5
1640718,0
1640718,3
1640718,27
1640718,64
2446042,0
93004,6
93004,0
1980209,5
110005,9
110005,2
3099498,5
1321870,5
2520516,0
814335,5
234215,5
234215,16
2936174,5
57345,0
57345,6
1139668,5
1242521,0
2319580,3
1837613,1
242423,5
199725,5
2095649,0
2095649,5
2095649,7
2095649,6
2095649,4
478311,5
367479,5
44706,5
1371150,5
259446,5
259446,3
3097204,1
804497,5
196216,5
804492,5
1121931,5
2382009,43
2382009,2
2382009,7
2382009,1
2382009,0
2382009,19
120903,5
120902,5
2278392,24
2764784,2
2764784,13
1023490,6
1023490,0
3155604,18
1767382,0
1767382,5
435761,5
1799585,5
1945084,5
1361318,5
1361318,1
1361318,43
1361318,19
824747,5
1352717,5
317248,33
317248,0
905372,5
905372,3
1075417,5
3011894,46
3011894,12
61714,5
347149,25
1014762,0
1014763,5
1014763,1
1014763,21
1014763,40
1014763,18
460740,1
1462900,11
1462900,24
205177,1
2034031,5
82243,16
82243,5
82243,9
53125,5
1791614,5
2347134,25
266489,5
266489,2
1045658,5
457513,1
457513,5
2463288,5
92099,5
356150,5
356150,21
57115,5
168629,43
168629,46
168629,12
168629,2
168629,31
168629,6
168629,5
168629,1
168629,0
168629,19
168629,36
168629,17
168629,14
118849,20
113820,5
113820,25
113820,16
1535109,5
1226273,1
1226273,5
86637,5
1226271,1
1931388,5
1077258,5
2446192,5
463985,5
212985,5
212985,1
37558,1
1440232,0
3636326,1
3302706,5
3302706,31
2974050,5
2974050,35
1454029,5
1454029,15
1454029,37
1285016,5
1575694,5
110932,5
1528071,5
1528071,3
1365050,5
2415464,5
2713180,5
2713180,24
2713180,1
323872,14
323872,19
369339,5
102138,0
102138,5
1251757,5
1399103,5
3716142,15
2133239,3
147612,5
2387433,5
265029,5
45152,5
497116,5
1418377,16
1418377,5
2042583,35
277027,5
268126,5
1790886,5
1922551,32
1790885,5
473488,5
1515091,5
2101441,5
3303728,32
257044,5
1808240,12
1808240,0
1808240,5
1975159,25
1975159,5
978759,5
1563738,5
1563738,1
52618,5
1703148,16
111070,5
298203,5
298203,2
2650718,31
200720,1
200720,5
200720,0
200720,2
1321511,5
1109624,1
1109624,0
758758,5
119668,5
758752,5
2357788,5
1315962,0
2325741,2
2325741,31
2325741,91
2325741,18
2325741,92
1702014,33
424823,5
50105,5
325980,5
1408253,5
1086772,5
112384,5
316824,5
375912,1
2380331,5
2380331,3
2380331,16
424136,5
46912,5
318462,46
318462,5
318462,63
318462,87
318462,33
318462,1
318462,2
318462,0
2235428,14
2235428,19
1020773,0
1020773,6
1020773,7
1020773,20
778661,5
5112966,18
1924429,1
1924429,5
1924429,0
3416742,9
3416742,5
94625,25
3416744,5
3924510,5
780571,5
432348,5
432348,3
13257,19
3965660,18
120484,5
2404311,5
2404311,0
2186783,16
100198,38
120647,5
3175038,15
323944,5
323944,3
3538766,12
46828,5
3387648,5
2243389,12
2967224,5
412536,1
412536,6
412536,45
2223990,5
1855325,2
1855325,3
1855325,5
1855325,0
57590,1
1981677,5
1600195,5
2083383,5
172495,5
172495,1
1211956,5
33467,5
365907,5
102603,5
2258858,79
2258858,2
2258858,5
2258858,37
2258858,93
2258858,31
92563,1
92563,3
92563,5
2341766,15
2131698,1
2131698,52
2131698,0
3853452,25
110971,5
2078768,11
2078768,24
2390361,5
455782,5
455782,94
455782,65
358273,5
358273,2
3488328,3
50976,19
78504,5
1661199,5
1661199,1
419420,39
2359024,5
2359024,0
3397884,5
257076,5
795461,5
840322,5
1270262,7
1270262,31
289848,5
289848,16
3066270,6
303356,1
1854236,43
1854236,19
1854236,6
1854236,0
1854236,2
478087,5
988108,60
61189,5
2625030,32
396184,43
396184,1
1887785,6
1798188,25
93389,24
93389,6
93389,1
93389,0
97937,39
97937,1
1117385,5
166924,0
166924,5
1210819,5
67128,1
67128,5
1981107,0
1981107,16
1981107,3
120863,5
93010,5
1629443,1
96061,5
76451,5
1321860,5
1321860,37
2243361,19
92005,5
64116,6
64116,5
64116,12
64115,5
373926,1
373926,0
373926,2
373926,5
1477855,1
2806788,15
296572,5
275277,25
275277,5
61989,5
87469,5
1545754,5
800039,5
1920945,1
1920945,39
2006810,1
1663207,5
1587707,1
2195548,5
368574,5
120915,5
79470,1
120910,5
79477,0
79477,5
1981115,5
817230,5
896529,3
896529,39
896529,28
1336608,5
99951,1
4437212,44
3074780,5
2368553,3
2368553,5
46359,5
2315226,25
363547,5
363547,3
363547,25
363547,0
92605,5
79679,38
2309260,5
116250,5
1741243,5
1198156,5
2802154,18
1840417,5
113957,5
1904996,5
4353376,5
2404583,1
2404583,75
1426329,5
86154,5
1519461,5
1570583,5
2884206,5
2132285,5
2132285,1
2132285,0
2132285,2
2132285,25
1258197,1
1821700,95
2194499,1
1659337,5
146882,1
146882,5
2503944,5
1659338,1
1659338,5
1659338,7
54615,5
360717,9
360717,5
360717,2
89686,5
1047011,1
1047011,2
441796,5
1583421,5
2184339,5
2184339,0
435625,1
125439,1
125439,5
62452,0
62452,6
181288,5
1551630,5
260991,32
2230358,5
463998,2
463998,5
1077368,5
1077368,16
2301592,0
2301592,63
37017,5
326664,16
326664,5
448694,5
1839492,5
450188,0
450188,1
450188,21
1999995,5
1313104,5
107658,18
760311,5
363163,2
363163,41
363163,6
1228705,5
2139843,5
436857,5
3327624,16
2357790,20
410297,5
410297,16
51201,5
266543,5
240772,5
384680,5
384680,2
1588895,56
1588895,1
1588895,0
1588895,2
1588895,12
1588895,31
38650,5
61852,5
3881410,35
120681,5
1462041,5
1462041,3
106918,5
3503460,5
3503460,13
98384,5
1051904,5
1051904,16
183505,5
2609222,0
2310792,16
1058017,5
3782876,78
86960,5
111686,5
83580,0
83580,26
1728196,25
1728196,1
1568341,5
758746,5
960144,5
119051,5
2994190,5
438488,5
438488,2
438488,1
438488,6
2848292,5
1057500,5
1243957,5
1243957,0
1243957,6
2468774,32
882977,5
882977,37
1911644,5
104070,5
59742,5
1615065,5
124901,5
59749,1
1132626,5
1132626,3
114345,5
1132620,19
1132620,43
1132620,2
1132620,14
948470,5
476649,15
351283,5
49223,5
2051894,5
1245492,5
3503730,5
1366365,5
1366365,12
387808,5
2209418,5
2209418,50
151804,5
1465487,0
1465487,96
1924435,5
3399024,0
1690953,5
1172203,5
102926,5
210945,5
2901736,54
2901736,25
2901736,23
2901736,0
100161,0
100161,1
2279373,5
66995,1
66995,5
1838544,5
365376,32
1107860,5
2980794,15
385002,5
385002,1
66999,5
861739,33
3475504,44
76666,5
901476,5
2383662,10
1187064,1
1187064,16
79116,5
2997766,31
1124035,5
120586,5
95384,5
2165735,24
2165735,11
39694,5
74285,5
2005374,5
1673434,5
1385956,5
457275,5
1599348,5
1599348,53
1599348,25
110006,5
2090497,12
393109,5
95705,5
1928340,5
1928340,29
432283,5
96874,5
3767372,15
76590,3
1877832,5
1877832,1
1877832,3
98635,5
120082,5
2382298,5
1305806,46
1305806,12
1019452,5
1019452,1
1019452,0
47577,5
3727824,5
2691498,31
2691498,2
2691498,53
362227,5
362225,0
3014666,5
104427,5
762073,32
2192582,18
2304426,1
1640459,3
455824,16
455824,5
455824,1
2069787,5
6414,5
2377322,5
68168,5
54866,5
1658837,5
1658837,3
1658837,0
450405,5
1405365,5
814314,5
2494384,12
2494384,3
2494384,0
56217,5
1152836,5
1152836,25
1201607,5
1201607,1
762107,5
2094064,5
2187115,40
1723121,5
2436386,5
1737747,5
2009402,5
1596343,5
1016301,12
1233227,3
1233227,5
1233227,1
1233227,16
328107,5
328107,1
105112,5
418647,5
289944,43
289944,3
289944,1
289944,33
1798684,5
446755,24
446755,5
446755,3
60647,0
2304771,1
2304771,53
92610,9
56193,1
56193,5
2802144,1
2548208,3
2548208,5
34409,5
104348,5
62512,1
62512,5
808276,14
86034,1
86034,5
1286537,5
64030,1
259516,5
