movie_id,director_id
3112654,0
1571222,1
2756032,2
2370248,3
57171,4
1433540,5
1433540,6
1433811,7
1608368,8
1220634,9
858479,10
112573,11
834001,12
1662293,13
2640474,14
1188113,15
56993,16
338564,17
338564,18
1649444,19
63442,20
89670,21
101765,22
4065308,23
4065308,24
871510,25
101761,26
2310332,27
69400,28
133189,29
1045772,30
1045772,31
481141,32
486655,33
1645170,34
112883,35
110719,36
378109,37
1928330,38
1074638,39
2532528,40
112792,41
1707386,42
2473794,43
196499,44
146984,45
115685,46
112401,47
1282140,48
175880,49
108399,50
2914892,51
2914892,52
43014,53
108394,22
2191701,54
1453405,55
60827,56
770703,57
477348,58
477348,59
416960,60
1646980,61
2042568,58
2042568,59
756648,62
1790864,63
61512,64
108550,65
247199,66
365748,67
87803,68
2467046,69
91419,70
3196174,71
1528100,72
2752688,73
381061,74
455584,75
758774,72
129387,76
129387,77
1959490,78
800027,79
80339,80
80339,81
80339,82
454876,83
974661,84
443489,85
30522,86
85780,87
443680,88
110632,26
1945087,89
2511428,90
119194,91
94737,92
887883,58
887883,59
1375666,93
114069,94
52357,95
56512,96
1872181,97
2637276,98
2332707,99
84237,100
84237,101
120663,102
2402105,103
195714,104
109040,105
1772424,106
3235888,107
120669,108
2450186,109
2450186,110
2450186,111
2450186,112
2450186,113
2450186,114
2450186,115
114168,116
416315,117
938330,118
1758795,119
2097298,120
186151,121
1430607,122
1430607,123
350258,124
361862,125
77416,126
1028528,127
3682448,128
2383068,129
2788228,130
120591,131
462499,132
120598,133
452594,134
51658,135
808510,136
83658,72
3671074,137
1562872,138
120601,139
4156700,140
65063,141
2395199,142
1381404,45
54144,143
1661420,144
357413,145
1637725,98
3202890,146
2359002,147
3715320,141
70511,20
451094,148
350720,149
1836212,150
4229236,151
221073,88
999913,152
1809398,153
102713,154
824316,155
44081,156
414951,157
1988781,158
1821694,159
1854564,160
211933,161
1360860,162
87843,163
433387,164
1234548,165
2262227,166
113161,167
2846974,168
213149,131
3248600,169
372183,170
2398249,171
762114,172
2545118,173
1967545,174
104652,175
2094018,176
1596350,177
986263,178
437777,179
497986,180
1323594,181
1323594,182
775529,183
1063669,184
75148,185
398017,186
81562,187
66181,135
945513,188
2059171,189
458525,190
1735898,191
4142022,192
82495,193
1617661,194
1617661,195
97733,47
1905041,196
1440292,197
118929,198
387564,199
1858481,200
301976,201
332452,94
1170358,27
4044364,202
2420886,203
405325,204
389860,205
1409024,167
2347144,206
32138,207
32138,208
32138,209
32138,210
32138,211
1478338,212
367089,213
371772,60
1838603,214
2279786,215
90555,216
1126590,217
120620,218
2382396,219
71807,220
1522232,221
2378936,222
1603257,223
1210166,224
345551,225
2308860,226
209144,93
2215477,227
780622,228
2224317,229
1911553,230
113303,231
496806,232
86984,233
929632,234
997246,235
1226240,236
311113,237
1808454,238
120873,239
227445,70
1413495,240
2088003,241
2347569,213
1179034,242
889588,243
230838,244
1990314,245
1179031,246
114924,247
1220719,248
1190080,249
364517,250
1441940,251
1297919,252
57012,102
2576852,253
61747,254
1396226,255
1922777,256
2139555,257
217869,258
1726592,259
1032815,260
1991245,261
114814,262
2937898,263
79817,132
183523,233
427969,264
2293138,265
208092,266
1392214,267
1951266,268
986264,269
986264,270
1951264,268
171408,271
74812,272
1951261,273
2172934,177
2520394,274
88683,275
1204340,276
489099,277
896872,278
119217,279
2436516,280
2436516,281
215750,282
1316624,283
1773764,284
1316622,285
1243974,286
137523,287
2381249,288
448011,198
443274,289
55572,290
84503,291
443272,128
2294677,292
2556308,293
119038,294
1068680,134
233841,235
85794,295
3438640,296
70047,297
1726669,297
251075,298
456149,299
1300851,300
1300854,301
365485,103
1700845,302
65207,303
330373,304
77394,305
77394,306
120885,307
144117,300
3503840,308
361127,309
1375670,54
1650554,310
1559036,311
1559036,312
1092026,313
56566,314
52847,315
364045,316
254686,317
44079,95
120616,318
369702,319
2141941,320
1135084,321
399201,131
74777,156
364970,322
444672,323
375679,324
1555093,325
899106,326
1430612,327
327056,328
3179568,174
1423995,329
910970,330
1028532,65
499335,331
2980592,115
2044729,332
1855199,164
104254,333
2014248,334
337741,335
1424432,336
1568346,287
3029558,337
104466,141
336693,338
163978,339
456912,340
988045,266
2281267,341
1446192,342
470752,343
2215077,344
1402488,345
1402488,346
1402488,347
993846,295
993842,348
83791,349
83791,70
1506999,232
452694,350
95271,351
429493,352
421239,353
2082197,354
375611,227
872230,353
970179,295
1542344,339
1646987,355
81506,356
89880,357
1129442,358
96256,359
1212450,360
990407,361
72308,362
1631867,277
462538,363
892769,364
892769,365
2292959,366
1956620,367
841044,368
1979319,337
810913,54
67116,297
472062,46
1132195,369
335245,58
335245,59
1560747,49
1060277,370
2692250,371
1490017,372
1490017,373
1714206,374
2645104,375
1714203,376
2561572,377
2388715,378
497465,141
1714193,379
320661,72
167261,27
167260,27
348836,322
2582802,380
2323264,381
2920808,382
2203939,383
322802,384
1068641,385
2063781,374
277941,386
258463,277
1566503,387
116126,388
472118,389
469623,390
800080,391
1561768,392
2091473,279
3134066,393
3134066,394
1288558,395
120890,396
2509270,397
388980,398
78718,275
263488,116
56172,399
3310280,400
1183911,401
3263614,402
87544,175
1724962,403
128442,404
1247683,405
2557490,98
2273657,406
322330,407
385568,408
403702,409
113799,410
113799,411
113799,412
445990,413
414387,348
1641400,414
1189340,415
187393,249
372884,416
1935065,417
46250,418
320244,419
320244,420
1119646,273
164052,421
60665,422
2918436,423
90859,357
387131,424
396269,425
1226236,426
1649419,427
1192628,428
245844,429
1951181,430
3168230,85
2866360,431
108002,432
390384,433
1588334,434
1588334,435
1645155,436
2409302,437
36775,53
1340138,438
1037705,439
1037705,440
2216240,441
2962726,442
364569,148
1477076,443
2304953,444
4284010,445
371746,446
1229822,447
1571249,448
431021,449
2261331,450
62136,28
1308729,451
325805,72
2131523,452
276919,453
3819668,454
1250777,33
133093,194
133093,195
128853,455
1462769,456
780504,457
80684,458
2396566,459
309377,328
75686,141
1995329,460
1440129,461
2608178,462
1718747,463
338751,295
319061,217
132347,464
2626350,465
1538403,466
171804,467
1694021,468
1694020,469
84855,470
2190838,471
2415022,472
246578,473
2352802,474
2210781,475
2106476,476
103772,421
54389,477
103776,217
4046784,63
54387,478
862846,479
70077,480
80354,481
2024519,482
2431286,483
1296898,484
311289,485
1032825,486
448157,461
405094,487
2172584,1
1726589,488
102951,489
91763,26
3477480,490
117665,307
117666,491
381681,492
2309788,493
100157,494
2053425,495
488658,212
100150,59
100150,58
2461132,496
1702439,65
2369135,497
93870,421
1949548,498
3247714,499
110148,500
1262416,353
2830416,501
2294473,206
2170439,502
1340107,390
1595656,503
91167,141
118799,504
1723811,505
203019,506
375063,507
1932767,508
1932767,509
111495,22
370032,510
1091722,313
1216491,511
1886493,512
1470827,513
106701,514
2364841,415
1674771,515
117407,457
2611626,308
1631707,516
2186562,517
480687,76
480687,77
2326612,518
1815708,519
2302755,520
3346824,521
106519,233
120735,266
120737,27
120731,522
104257,494
167404,258
112579,328
1491044,523
117060,233
2726560,506
2893490,219
795421,524
2011159,525
301357,526
2345112,527
482571,93
43456,528
100934,529
100935,530
2265534,531
332379,492
162222,532
128445,533
2058107,534
1047540,535
2574698,536
376994,537
1183919,450
304415,304
256524,141
1588337,538
1268799,539
2582496,540
1791682,213
2621000,541
365830,542
889573,543
889573,544
99005,243
475276,170
473705,450
1966604,545
44937,546
1320253,132
68646,547
1924396,522
93058,102
116209,548
2316411,267
70666,470
1440728,549
1568150,550
1568150,551
1924394,552
91830,553
3705388,554
95827,555
280707,556
1029360,557
2473682,558
2071620,559
2910274,560
116683,561
113986,260
2870612,562
3029766,563
1067583,268
388795,83
120660,50
1487931,564
134084,353
1043726,565
272207,352
133751,566
264472,567
1572315,321
2044040,568
1826660,569
478970,134
430922,171
2799166,570
2015381,571
912583,572
87004,573
959337,39
113540,574
1570728,30
1570728,31
1272878,575
790736,350
266697,127
84787,359
3311384,576
3311384,577
209163,318
479952,578
479952,579
2334649,580
419887,581
1104001,582
79522,141
1403981,264
2357291,583
1859650,141
1532503,584
1307068,585
60675,290
1788391,586
2072933,587
430105,588
3171886,589
56923,590
825232,494
1623205,591
477080,50
1103275,430
1474276,592
57036,593
3409392,594
410097,595
458339,596
1810683,597
3316948,598
829150,599
441773,600
441773,601
1228987,370
98206,602
1132285,603
3303444,604
15163,605
15163,606
187078,607
97576,128
457430,608
1772980,609
138097,610
63522,611
3680410,612
1349451,613
86190,614
1907668,532
829482,313
81398,295
3569230,615
1230215,616
1070858,617
2213054,618
2002789,619
427944,174
2528814,620
404978,489
107290,128
1837562,621
2248944,622
1529572,623
1602613,457
40897,624
2184287,625
1191111,626
838221,533
787474,627
787474,628
1972779,489
84868,217
3060492,629
1220198,630
454848,631
1379182,632
119784,633
1683526,634
48316,314
48316,635
1368440,636
1368440,637
443453,34
74958,470
2396429,638
1258972,639
401792,640
401792,566
401792,127
395495,641
3165608,642
77572,220
169547,39
2317225,643
1554091,644
1424310,645
1399683,646
2235108,647
2616880,648
1379176,649
1996264,650
319343,446
2201251,651
74483,652
119164,653
1355630,654
278504,93
2339741,655
120632,656
360201,657
404203,658
2125608,659
1433108,506
1441395,660
3544082,661
203009,662
32143,208
3541262,663
1670646,664
144084,665
370263,9
3539664,666
2083355,667
2179116,668
34298,669
443701,670
91203,671
118760,672
84021,673
443706,287
147800,674
465551,675
54177,290
2027064,676
298408,677
100234,678
1229340,145
1605783,141
2293640,679
2293640,181
49406,102
1547234,680
48424,681
48424,682
48424,683
117500,131
1646975,684
2368749,685
2402751,686
879870,687
2322601,688
800241,125
398842,689
46126,690
2130321,691
119822,692
1540741,693
808417,694
808417,695
266987,50
876563,175
1038919,696
223897,697
942385,698
232500,699
1247690,390
3181822,699
1496025,700
1496025,701
110357,702
110357,703
245686,704
120382,237
107822,705
120389,706
120389,707
117438,708
116922,530
1186370,709
457939,335
2334879,249
91431,645
91431,710
1498569,279
42004,95
190590,59
190590,58
335266,711
1814930,712
206634,713
381270,714
2050634,715
2076220,716
2494834,717
1440732,718
1440732,719
1456635,720
87363,721
116695,286
2140379,722
1431181,43
2416376,723
2416376,724
1622547,725
2140373,726
1638002,727
356910,277
1661382,728
1029234,729
72890,470
1279935,371
1632708,48
54953,730
1401152,731
121164,217
121164,732
770828,733
382932,734
382932,735
2402101,736
46303,737
82199,738
82198,739
457572,740
379786,741
421073,164
2103217,742
86200,743
118971,124
1441952,65
1441951,744
833476,745
70723,746
1704573,492
55601,747
989757,65
2910904,748
498380,328
217505,295
2717822,87
125664,749
63663,750
63663,751
2375605,752
2375605,753
2375605,754
81534,755
1663143,756
1586265,757
1954470,758
1194173,759
107048,760
338526,318
1659343,761
1942884,762
1942884,763
2040560,764
121765,765
121766,765
72271,766
280380,767
3560686,768
245429,175
416212,769
332280,383
55913,770
471042,537
804522,190
446719,771
222850,772
3169706,773
1486616,774
95574,775
2797242,138
2797242,776
2797242,777
2797242,758
2399533,778
15002,779
15002,780
997152,781
2551428,782
1065318,783
1428538,784
381849,785
409965,678
50083,470
2912144,786
1134629,787
102536,788
1028576,789
1770734,790
240890,791
2023690,586
115640,792
289765,537
337978,793
112688,631
1352824,518
848537,794
2644714,795
69824,796
50706,28
1995341,797
1913166,798
780524,799
1550312,800
3495030,801
1303828,802
2359810,803
67549,804
473174,805
100589,806
100589,807
2719848,575
1372686,302
986233,505
2235779,808
119229,809
2991224,810
57197,811
1846526,812
1073241,152
2277150,813
1646967,814
120524,815
141098,816
119008,304
3294634,817
4114762,818
1225822,819
103759,820
101507,588
248667,87
1582507,821
1216492,822
1216496,823
2139965,824
898367,360
1235522,440
1334102,825
452625,826
237572,827
3084836,828
373469,301
364725,829
816442,830
111161,831
3814486,832
88763,532
2096673,833
2096673,834
2096672,76
2096672,77
1291150,355
1758595,835
211915,836
83907,591
58461,163
3079380,212
102975,837
59592,290
4008758,838
4008758,839
1049413,833
1049413,840
2326554,841
119177,842
119174,287
1887776,843
1437358,844
2388254,845
449086,366
1600196,846
40202,690
119488,847
485985,848
1937118,849
4215352,850
2883512,446
427312,851
1053810,852
109642,124
2465578,853
3592542,854
3592542,855
758730,856
758730,857
46688,858
1183665,859
408236,217
455944,520
1764285,860
3787590,861
844286,862
799954,863
951335,864
462346,865
2358891,866
118755,867
816711,581
1410063,868
825236,106
2070862,869
2032557,870
1125849,78
99487,217
267913,871
1535438,852
2192888,872
2109184,873
2109184,874
48947,875
1869716,876
499549,877
2515034,242
1277953,578
1277953,579
1277953,878
981227,879
372784,93
107207,672
1132449,483
1069238,880
2281587,881
3450650,535
31381,207
31381,208
31381,882
1863347,883
298845,672
2140203,592
264464,128
1899353,111
414993,78
1386703,793
2179121,884
2179121,885
2404181,886
1740725,887
82694,345
3077214,888
1935302,889
116778,76
116778,77
87800,353
271668,54
250468,890
2165236,891
1877797,892
3472226,893
2274570,894
881891,895
1525835,896
1525835,897
1784538,898
1784538,899
1525830,900
1706414,901
808331,902
4257858,568
2675914,903
289992,291
2051886,904
2465140,869
1204975,247
1204977,905
1921070,906
318411,907
1616195,328
3678782,908
3203616,909
53291,53
2278871,910
60450,911
457433,912
2315200,913
1219289,914
805576,575
70735,915
805570,916
1430132,785
1038988,844
1038988,19
1340800,917
2103267,918
2103264,919
1840309,914
78748,72
1850397,920
1260581,790
55614,921
55614,528
1068242,595
1099212,922
1777034,923
2975578,924
1596753,925
63256,926
65772,553
2870708,927
120889,928
3114132,929
45793,422
1911662,930
1390411,708
450259,931
81505,102
64757,932
1226681,933
859163,699
230600,319
283832,934
484740,304
2679042,935
2392326,567
1226753,610
765010,672
1446714,72
1502404,936
307987,937
79501,345
1827487,938
113189,74
1065073,492
86425,692
2131532,939
2131532,940
167926,941
61495,553
85995,760
2357377,942
85334,943
397892,944
397892,945
1155076,466
1316064,946
2034139,947
143145,948
1743993,949
57058,950
3316960,951
3316960,952
122136,953
1986994,954
1821658,955
1661820,956
253474,611
822854,520
2305051,800
55830,957
112697,21
1629757,948
1629757,847
2355540,958
1996310,959
449010,960
1722450,961
926762,920
292963,470
1728976,962
1728976,963
2996684,964
250258,835
780536,965
1972571,549
1893256,966
53198,477
108052,128
1324999,85
133240,967
133240,968
322589,969
367594,217
109506,198
265208,970
1756851,547
2614684,971
3713166,972
315327,105
3438354,973
1646971,364
1335975,974
66206,20
1329177,975
1264904,976
480249,268
1230165,618
2051879,977
1605717,978
1911658,578
1911658,979
286788,704
1853728,127
2101569,980
1712170,699
1313139,981
137363,982
2105044,983
2105044,984
2105044,985
2105044,986
2105044,987
2105044,988
2105044,989
2105044,990
2105044,129
2105044,115
2039393,991
259711,286
111756,992
2106537,993
3417422,994
1657507,358
2120120,260
344554,995
1772341,996
86993,997
37674,998
443543,914
2294449,372
2294449,373
398286,999
398286,944
59616,1000
368909,1001
3195644,1002
58458,477
337563,1003
339412,1004
489270,1005
427327,1006
1206543,1007
1559547,1008
407265,1009
95327,253
2243537,1010
1883180,1011
59037,275
132477,596
118749,49
1007029,524
983213,1012
57598,915
101316,282
64519,1013
2206082,1014
139654,520
2649128,1015
84649,1016
416449,733
393162,1017
2013293,175
388125,847
1059955,1018
428803,62
4712818,1019
274558,1020
1764651,1021
2043933,1022
1270291,1023
2082155,1024
2193215,72
2071491,1025
119809,1026
221027,1027
70355,254
118804,500
423977,1028
473753,1029
1242618,1030
1657299,1031
70359,1032
1294688,1033
2980648,65
2109248,131
2179136,328
2739884,1034
2739884,1035
3138104,1036
3322940,1037
317219,1038
317219,1039
99077,92
419294,1040
2113075,506
2481198,1041
116583,1042
116583,1043
458481,640
458481,566
191043,235
1389137,286
60196,163
900387,408
68473,1044
2218003,1045
1921064,9
2177771,1046
91867,1047
1518809,1048
3729920,1049
99674,547
1731141,190
2078552,1050
1720172,1051
93640,997
2582846,1052
2852406,1053
1638355,266
1027718,26
1160996,1054
1486185,922
1636826,598
190332,83
99785,260
245712,1055
1634136,1056
97165,237
1319569,1057
1761005,1058
71615,1059
1203517,1060
1666801,1061
1985981,1062
86006,458
4372118,1063
373883,1064
373889,1065
765443,1
1980911,1066
1587119,1067
2325625,1068
2112277,1069
172156,131
376541,46
1684233,1070
2004420,1071
864835,703
2325977,1072
955308,72
29843,1073
29843,1074
2542368,1075
82089,992
425379,457
1262990,1076
2562232,1055
1709143,1077
435651,1078
68699,328
79574,1079
1457767,199
390521,1080
41959,1081
105793,1082
918927,1083
1549920,340
1499658,1084
118556,1085
1480656,1
2309021,246
1698641,409
3712088,1086
112864,1087
1727388,1088
1727388,1089
2304915,1090
2085002,1091
97239,1092
101698,1093
3672840,1094
98253,1059
1327773,234
3107246,1095
112461,1096
112462,1097
2492916,1098
2183034,1099
2968804,1100
2083379,1101
1527186,453
3083008,483
497915,1102
2473602,1103
790804,1104
477302,1020
80179,1105
2114461,1106
41996,314
28950,1107
33149,1108
368222,1109
2294629,1110
2294629,1111
1964418,734
2436452,1112
1504320,42
1881024,1113
81283,45
1232776,1114
1216475,1038
1216475,1115
113824,1116
1979283,1117
425112,67
1964624,934
92068,1118
1602620,317
1860355,1119
1860355,1120
1032751,1121
139462,767
420223,581
1032755,266
2234003,1122
70034,1123
944835,1078
1954315,1124
97742,1125
494222,1126
3442006,1127
113497,596
2190367,1128
1682246,1129
3154964,1130
1853739,115
405296,492
1605777,1131
1626146,791
2191765,1132
1847746,1133
906108,869
2952602,1134
83929,21
2481480,1135
1142977,217
370477,1136
1825784,1137
2332579,1138
2771372,1139
2053463,232
436331,1140
1837709,1141
1127180,591
119116,1029
66921,102
401855,793
3622592,245
101410,59
101410,58
54215,95
473360,731
1734433,1142
72684,102
4114744,1143
2872718,1144
382625,708
1753496,1145
1838722,1146
430357,87
94963,1147
2486682,1148
3532608,1149
3532608,1150
1568338,1151
485947,1152
2333784,1153
383574,428
1781922,562
1414382,535
112641,295
120776,1154
120777,486
1024715,1155
1832382,162
1001508,172
1213663,67
1071875,1156
1071875,1157
3477734,1158
3477734,1159
2220642,631
183649,1097
1276419,1160
58331,1161
1843866,1162
1843866,1163
117998,1164
3033536,1165
290334,262
95953,307
95956,1166
117571,353
3369806,1167
3421514,1168
1674047,1169
2097307,1170
2097307,1171
452623,1172
878804,726
1670345,391
105223,1173
2780748,1174
243655,171
107818,1175
56592,1176
870111,708
2027140,361
318627,1177
73312,141
1355683,1007
2977672,1178
110413,1029
274497,1179
257360,507
129167,734
304141,713
1182350,141
837562,1180
73629,1181
2400275,290
416044,1182
116483,54
1584016,873
1584016,874
27977,1183
433035,371
47478,1184
3280264,1185
117951,339
978764,733
91877,80
91877,81
91877,82
1592525,1186
1592525,1187
1618442,1188
1234719,1189
2343601,550
2343601,551
3554418,1190
458352,852
99685,295
280030,1191
280030,1192
1045655,1193
783233,348
1763303,1194
985699,262
2536436,1195
93437,1097
1147684,1196
1598778,232
1486192,499
1298650,1197
1748227,1198
116629,249
2267998,287
313737,1199
2345737,1200
97904,1201
1322269,1202
1186788,1203
84296,345
66769,528
1130884,295
238380,510
814255,260
120201,421
1242422,75
106469,124
242527,1204
2272918,1205
107034,1206
450278,1207
317740,1208
2004432,117
830515,581
427309,1209
479997,607
2429292,700
2429292,701
3863552,1210
55928,1211
134119,548
1226774,1212
466893,1213
2402157,997
1823672,1214
2126403,1215
1517260,842
435680,1216
976051,1020
378194,127
884335,1217
1194236,1218
2586682,1219
1754656,600
936501,242
1711425,1220
1711425,1221
2226417,199
2397535,1222
2397535,1223
804443,1224
57076,1211
73486,749
3076658,580
1568921,1225
79417,79
2359417,1226
2315558,1227
272152,1228
1023111,310
112471,492
1023114,237
113277,87
1663662,608
2594950,768
1041829,469
1753846,1229
2331143,1230
477585,1231
1356790,1232
1971352,1233
1121096,1182
94608,218
369610,1234
1825157,197
3118706,1235
384286,310
320691,793
308644,581
1450326,1236
425123,407
1450321,1237
1055292,772
2752200,934
80761,1238
3086442,1239
3086442,1240
1343727,289
1195478,1071
3007512,1241
790724,288
408790,350
1164999,1055
2167202,1242
436697,483
1230385,1243
1412386,610
1591095,199
2024544,505
159365,548
85154,1244
1055369,131
445922,1245
1870425,1246
1824254,568
2944198,1247
1894476,450
1235124,1248
1172998,1249
1436562,583
3713030,1250
1172570,457
1483013,582
964517,1251
2180411,1197
48261,1252
207201,335
2024432,1084
281358,1006
66466,1253
268380,794
268380,583
418279,131
2224026,1254
1196956,852
2080374,339
374546,180
2258345,1109
1152398,1127
1275590,1255
386588,696
1714915,788
4408178,1256
2245084,1257
2245084,945
2101341,783
247586,1258
1007028,1259
1294226,1260
935075,1261
2199571,731
2581244,1262
38109,95
299658,1197
844479,1198
1291584,1263
120749,1264
61065,1265
1291580,232
381707,1266
2486678,1267
1675434,1268
1675434,1269
1667310,1270
499556,1271
363988,680
389557,421
356680,1272
183659,1273
2017020,871
3390572,993
2333804,108
91064,1
2084989,433
95016,1087
95765,522
76759,765
76752,1079
1951265,268
96895,217
42192,1274
118655,1275
91209,1276
200550,1277
225071,767
1684925,1278
114709,1038
2239832,1249
1465533,1279
1992258,1280
1992258,1281
105236,127
810922,720
2172935,1282
70379,295
2027154,1283
109831,304
441909,1284
243133,59
243133,58
1615147,263
385267,1285
2493486,1286
120693,1287
103873,27
103874,547
2387559,1288
481499,1289
481499,365
1488555,425
2398231,1040
468492,823
1016075,1290
3082826,1291
3698408,1292
1182345,188
117381,121
1637688,842
25878,1293
1653064,1294
1686821,407
377092,407
377091,1295
2870648,336
50850,1296
2182019,1297
1601475,1298
59112,1299
96332,1300
1606389,1301
416881,1302
432021,671
75314,295
398883,866
116367,566
813547,1270
1841642,1303
2401621,832
1655442,1304
1655441,1305
353969,823
397535,1197
3638012,1306
1034032,1156
1034032,1157
25905,1307
1214962,997
453562,615
93137,1308
4158834,1309
34248,95
212712,1310
3547740,1311
2717860,1312
198781,833
198781,363
198781,1313
2170299,1314
1706593,1315
3283556,1316
3283556,1317
1731697,1064
65724,1318
2009606,1319
445946,1092
101921,1320
1748122,533
81186,1321
186566,328
2112124,1322
107554,439
107554,440
1587310,1323
1197624,1208
71562,547
72231,1324
118884,532
118880,1021
1535970,1325
63198,1253
53318,1274
76227,1326
866439,1327
1430077,1328
1430077,1329
1706620,823
413099,105
1931435,1330
884328,831
975645,1331
1276104,862
1448755,1332
317919,1333
2357129,1334
1010048,339
1010048,1335
372764,410
181875,286
1707392,113
98273,1264
1823664,48
97216,631
1884457,1336
86383,328
58947,1337
1464540,316
1560671,1338
119528,105
89469,72
15864,1183
1568911,128
46521,1339
86250,233
416320,141
371257,581
445939,1340
47136,1341
112642,656
3331846,1342
3331846,1343
3331846,1344
1403865,58
1403865,59
72431,1345
1531901,500
2503154,1346
1174732,1312
181852,178
2318527,1347
2318527,1348
391304,1066
1951216,1349
2920540,1350
2920540,1351
82971,128
2818178,1352
1150947,1353
43618,1354
115734,533
1667889,1355
1667889,1356
1881002,1357
1440345,866
1821593,846
2234155,371
3663040,1358
1351685,262
2059255,1359
1568863,1360
790628,1361
1270798,33
241527,260
60880,272
2338151,1362
1594562,129
2934404,1363
2934404,1364
1392190,345
1371111,1365
1371111,194
1371111,195
1156398,725
1800241,1251
119282,967
119282,968
69467,56
1800246,1366
3966942,1367
1370429,280
1370429,281
2404463,212
3431900,1368
2404461,162
1781769,348
86879,749
50212,399
62622,102
109936,1369
2543336,396
2708946,1370
1024648,1172
971209,1371
1013743,785
2495118,1372
1976000,1373
395972,120
907657,1374
2908446,350
1588170,340
1588173,1375
368975,1376
1481572,1377
2828996,1010
1945062,1378
2039345,1379
146675,142
108330,1380
1033575,507
2325002,1381
2872732,1029
1937390,453
4192740,1382
1481576,1383
1481576,1384
25316,1385
2822400,1386
2356180,1387
2002718,566
2046090,1388
116191,1389
2364006,1390
2364006,1391
2334873,141
842926,677
1291570,1392
409182,94
109686,77
109686,76
118715,59
118715,58
115678,1393
115678,1394
1862079,1234
2106361,1395
450314,1396
107943,1047
480025,1215
24844,1397
887912,1398
120755,1399
2980472,1400
1213648,1401
265666,533
110093,1402
2299842,180
1815862,258
1213644,1403
1213644,1404
83943,328
302886,273
2244901,1405
1598822,1406
1829012,233
83944,1407
2017038,263
94008,72
375173,1402
1598828,1260
48673,399
1386588,145
1641975,1408
99423,565
3411432,1409
3411432,1410
1772240,1411
3302962,1412
2465146,494
1776143,99
2361509,335
2178470,1413
3805180,961
3447364,776
71360,547
1205489,328
2050633,1005
2390237,1414
1418754,1415
120689,831
254679,1416
1320261,1417
385277,1418
370986,1026
59578,163
1682180,148
404032,256
120685,249
2388637,1419
2377938,1420
2126355,1421
2776074,1422
3322420,1423
21749,1183
79945,528
79766,1424
58946,1425
478829,1426
2358925,1288
2718492,1131
429573,1242
2182001,1427
372588,1428
903624,27
56663,290
1323045,1429
71141,1430
117802,277
1606392,909
1334553,1431
1234721,1432
259072,1433
210065,1434
2318092,1435
1564367,54
1638364,568
421715,287
430770,1436
1001526,579
1210042,520
78788,547
1188982,1437
1306980,1375
1827579,1438
1621045,1249
266308,1439
840361,1172
434409,499
94898,1440
2395427,741
2229499,1441
376136,1442
1155592,790
40652,1443
2113681,1444
1133985,74
1034314,1445
103060,1446
103064,877
892318,1003
1234654,213
1253863,10
2203308,1447
116040,699
259288,105
482606,1448
34583,1073
3625152,1449
2660332,1450
2379713,39
113677,1451
2458912,1452
253556,1453
1748207,876
780548,37
309698,785
1634121,1454
1756750,1288
800369,1455
808399,1456
808399,714
808399,1457
808399,440
808399,1458
808399,1459
808399,1460
808399,1461
808399,870
808399,1462
808399,537
113819,141
342735,453
804463,518
2652092,1463
196229,698
3264102,312
1748179,1464
1567609,1465
268978,708
2765340,1466
442933,532
479884,1156
479884,1157
1629242,1467
3530002,1375
489281,467
335345,11
210249,977
236493,428
449059,1468
449059,1469
460791,722
469494,49
113490,1470
363589,279
293662,391
293662,1471
1931533,965
1798709,139
2781030,1472
2115388,1473
1691917,1474
2855648,1475
3152624,1476
947798,78
1860353,1477
1533053,1478
1313092,1200
488120,121
2171867,1479
88847,1480
1540133,1122
803061,1481
395169,1482
61722,46
475730,1483
2378281,1484
93409,47
49373,1485
72353,1118
1611224,1486
1816518,5
1816518,6
1816518,1487
790636,800
112818,1488
1193138,174
380389,1489
425430,1490
425430,1491
2170593,1492
1646111,1493
65938,303
3983266,381
45020,1494
2229511,1495
1623288,1496
1623288,1497
32553,1183
1515199,1498
2012011,1499
2012011,1500
71487,747
1501359,1501
465624,298
1441953,1502
795368,70
1626139,1503
3697626,1504
31885,1107
1013752,196
340855,1505
2507280,1506
816692,93
145487,591
1650062,1333
251160,383
80455,1440
1217209,1507
1217209,1508
1217209,1509
344510,836
1411250,1371
1937149,1510
1639826,1511
1742650,1389
498353,1207
85251,1512
455538,1513
1591123,1514
307453,1515
307453,1516
307453,1417
1592873,1517
2401097,1518
405159,328
489237,1519
489237,1520
456554,1521
1343092,662
71315,611
1024744,1522
118708,54
1577052,1523
105323,1524
109045,1525
1454468,713
796366,1333
119654,167
2692904,966
1298649,1526
185014,847
1555149,1432
1905042,316
1905040,565
2341664,1527
2245195,1528
2245195,1529
38057,1530
486822,316
361748,127
361748,1207
1131734,1531
427470,1532
455407,1188
91042,1480
1259521,1533
83089,1534
1408101,1333
1318514,991
354356,934
1828995,1535
1828995,1536
1925479,1537
1764183,1538
418689,328
974014,1539
1480295,1540
3612616,1541
376968,1542
1385826,1543
75932,1544
1398426,1208
180093,78
117705,1545
181316,1546
119778,125
2980516,790
2209764,1547
2018086,1548
1764234,88
109830,532
2187884,1549
1255953,267
182789,260
1386932,248
301470,116
313542,1550
1532958,1551
24184,1552
138563,1553
2330866,1554
2350496,1555
278295,1556
2910814,1557
120787,485
1675192,1558
120032,1559
1655420,1560
2375574,586
97123,141
1613750,1561
1613750,1562
379725,224
1311060,1563
1311067,1064
1606180,1564
469021,1565
134273,1097
1126618,567
4594834,631
2238050,1026
3042408,1566
2102496,1567
893412,1568
285742,581
29583,1569
29583,1570
29583,1571
29583,1572
29583,1573
29583,1574
468569,93
248808,1575
3005242,1576
413300,591
289879,1577
289879,1578
379557,450
106226,295
2917388,1579
120255,518
1486834,720
1985966,1580
1985966,1581
1160317,1582
2573858,1583
2371158,1584
87078,746
77975,1440
308878,1585
120815,128
330793,1586
4178092,1587
106856,1097
1221208,1588
2371486,1589
1100089,224
1259014,1132
2381941,30
2381941,31
68555,141
40536,1590
1791528,49
2707858,1591
60176,1592
2668134,1306
446029,67
124315,65
2085910,1593
2215285,869
1687901,1050
181536,279
3330206,1594
3138782,1595
52301,1596
1935179,1558
2820852,199
1333125,1597
1333125,1598
1333125,1599
1333125,1600
1333125,1601
1333125,1085
1333125,77
1333125,1602
1333125,1603
1333125,571
1333125,537
1333125,1604
1333125,1605
439662,1606
1374992,1607
56869,95
63555,1608
2554274,608
105665,530
64072,220
89733,1609
113247,322
887732,1610
2978426,1611
460766,1612
460766,1613
371724,1614
2023587,1615
1509767,9
997263,1616
1971325,1617
1870529,1127
3045616,680
1426378,1433
1780762,1618
61735,1619
1540128,1620
1850419,1433
831387,513
118842,1259
104952,1369
449467,1055
1946381,1621
1345836,93
4450706,1622
89218,47
3605418,1207
2567712,709
3374966,1623
857190,1624
2035630,1625
1870419,1626
1392170,1627
109688,1628
2297063,1629
1837703,85
110912,127
2323964,1630
1717715,1631
241303,65
4105970,1632
1579361,1633
1078588,383
848228,741
4084744,1634
1032846,1635
1814621,1285
817177,494
2006040,1636
2006040,1637
454921,1620
983193,128
298814,1539
2024469,731
119396,127
2361184,1638
2321549,1639
368794,1640
116410,494
1441326,1641
101393,708
422720,711
2312718,1550
106965,1642
43265,624
327137,1643
2172985,1644
756683,1645
2737050,1646
2737050,1647
409459,733
58150,220
102803,596
3779300,1648
3110770,1649
3110770,1650
4974684,1651
493459,1652
1713476,307
1039960,1653
2286990,1654
1747958,1655
1954843,1656
2016940,1657
1990181,1658
2911666,1659
2911666,1660
48651,1661
66819,926
1524137,575
117958,1662
117959,1663
2181931,1664
53459,1665
106627,1666
1564585,856
1564585,857
1978532,1667
1866249,1668
111503,877
295297,260
1772264,125
106308,591
101414,1042
101414,1043
1742334,164
83987,1669
2084970,1670
1172233,1671
914863,386
2555736,610
70328,220
1647477,1672
99088,532
3312830,866
1362518,1673
120338,877
3268458,1674
94721,217
67927,1675
2870756,141
73195,128
58576,1676
2401807,1677
1093357,1678
2664976,1679
1869425,1680
1869425,1681
94226,233
116996,217
2788710,1682
2788710,1683
4208868,1684
963966,247
3591984,1685
256380,76
256380,77
2070597,1686
50825,102
412080,997
2147459,1687
1477837,409
104438,1688
3269074,1689
1650028,1690
417741,1065
765429,72
3480796,1537
315733,1055
149650,1691
1205537,1455
1205535,1692
3219080,1693
1389096,1694
2265398,989
93105,307
1767354,318
1701210,282
2231554,1695
2103281,370
1311071,1696
1655413,1201
2947832,1697
2947832,1698
1827512,1646
1827512,1647
1817273,1699
117509,662
1694533,1700
2322441,1701
1920849,1702
105695,328
492044,1703
119896,1704
119891,1705
1792647,1706
89853,141
1606378,1707
64665,1708
3149038,1709
51994,1710
116289,1711
77651,359
1242460,1712
3278330,1713
116282,59
116282,58
273719,1714
1648179,205
82766,750
3125472,868
458413,1715
120804,9
1148204,731
486583,425
1245526,350
3630276,1716
1621046,1717
2504404,1718
362270,533
844708,1719
100403,1720
1727358,1721
2935476,476
450385,186
439477,1722
3063516,384
1979320,708
407887,295
2265171,111
1085492,1537
91829,1723
2268458,1724
2609912,1725
2609912,1249
2278388,533
822832,852
1602472,368
1912398,1726
85809,1727
1464535,1728
1872194,425
1980929,1374
1549572,1729
386342,390
420332,1730
2639344,1731
1038686,1732
85244,992
3809308,1733
1458175,324
1758830,1476
307873,1734
381966,1735
1619277,1036
106611,247
107214,1736
90605,877
3596492,1737
3596492,1738
1175709,1739
202470,1740
409847,446
1939659,467
307901,631
1231583,273
406280,1741
1370889,1742
1231587,1743
1727770,1744
4900018,459
1649443,844
1821549,507
119256,49
920473,1745
838283,145
181689,128
1682940,1746
26029,95
401711,1747
401711,1748
401711,1749
401711,1750
401711,1751
401711,58
401711,59
401711,1752
401711,353
401711,713
401711,1753
401711,1754
401711,1008
401711,1755
401711,507
401711,1756
401711,1757
401711,1493
401711,1758
401711,1759
401711,1365
401711,279
1703199,1760
1703199,1761
1703199,1762
352248,708
2231253,1021
1043844,1763
204313,565
61418,1764
2315628,1765
112740,50
388482,391
464154,1766
114369,287
88247,877
94291,26
1411238,298
1692486,611
106977,485
1716772,1767
359950,698
2125685,1448
2101473,436
473075,304
418763,39
100758,1768
3110960,552
74751,362
67541,1407
69945,359
2630134,1769
2387513,1770
3720794,1771
74174,1772
58743,730
1932718,1773
1757746,1774
115988,1775
1196204,1776
1196204,1777
910936,219
1647668,1778
961097,1515
300051,1259
66049,1779
309987,1780
38787,95
1747967,1781
1020072,1782
338013,361
884732,1783
1267297,537
1758692,1784
388182,1729
3294200,1785
2733258,1786
2733258,1787
327597,561
1512685,1788
67800,1789
1742044,328
1111313,1790
114746,108
1397280,358
422401,1429
890870,1005
2969656,1791
2969656,1792
1263750,1793
392878,1794
392878,1795
808151,708
1229238,734
2875926,1796
1411697,273
2125435,1797
449994,1798
61395,747
120657,1087
120657,1799
120655,1259
264616,398
116736,1338
51682,1800
93822,59
93822,58
2334034,1801
1091191,461
3194532,140
2737310,1802
45810,1803
93779,494
2366450,1804
100485,50
1187043,1362
93773,1087
478304,503
99700,721
462465,1805
140888,1757
1535616,1806
1784600,1807
83190,87
2537176,1808
91554,470
1915581,232
452624,232
903657,1809
1149362,317
1149361,836
96858,1810
821642,348
2509850,1199
93177,1811
305224,728
1596365,1812
1308165,1813
3659388,72
2197849,1814
357110,787
1614989,1670
1621039,1815
1524930,1816
1524930,1817
1535108,1214
1502712,1315
1232829,372
1232829,373
1656186,1021
1535105,1818
396171,1365
433350,416
303816,1207
1212419,328
1667353,722
1612774,1819
87050,1820
75005,47
2370718,1821
1567437,695
93894,1822
138524,59
138524,58
378947,141
120177,1823
1625346,174
1640711,1525
120879,1640
2452254,1747
1640718,702
1640718,1824
1640718,1825
1640718,1826
1640718,1827
1640718,1828
1640718,1829
1640718,1830
1640718,1831
1640718,1832
2446042,358
93004,1833
1980209,131
110005,27
3099498,1259
1321870,725
2520516,1834
814335,1835
234215,194
234215,195
2936174,1727
57345,290
1139668,1836
1242521,322
2319580,1837
1837613,1838
242423,1839
199725,769
2095649,1840
478311,1476
367479,537
44706,422
1371150,371
259446,1841
3097204,1842
3097204,1843
804497,1844
804497,1845
196216,141
804492,1846
1121931,1156
1121931,1157
2382009,453
120903,262
120902,1453
2278392,1847
2764784,1848
1023490,866
3155604,1849
1767382,1850
1767382,1851
435761,1313
1799585,401
1945084,1852
1361318,1853
824747,328
1352717,103
317248,424
317248,1854
905372,1855
1075417,535
3011894,1856
61714,1857
347149,175
1014762,1858
1014763,1859
460740,1860
1462900,1628
205177,1861
2034031,1862
82243,1863
53125,95
1791614,1864
2347134,1865
266489,1866
1045658,1251
457513,141
2463288,1598
92099,50
356150,1867
356150,1868
356150,1869
57115,1870
168629,453
118849,235
113820,1871
1535109,170
1226273,74
86637,141
1226271,42
1931388,1872
1077258,566
2446192,1873
463985,196
212985,72
37558,399
1440232,1655
3636326,1874
3302706,1875
2974050,1876
1454029,1103
1285016,287
1575694,1113
110932,45
1528071,1766
1365050,447
2415464,1877
2713180,164
323872,521
369339,87
102138,26
1251757,1279
1399103,131
3716142,1878
2133239,1879
2133239,1880
147612,1881
2387433,1732
265029,1882
45152,590
45152,1883
497116,1884
1418377,1885
2042583,1886
277027,1887
268126,139
1790886,1275
1922551,180
1790885,1398
473488,1479
1515091,266
2101441,1888
3303728,1889
257044,39
1808240,1890
1975159,1891
978759,1892
1563738,1312
52618,418
1703148,1893
111070,1894
298203,847
2650718,1895
200720,1896
1321511,631
1109624,1897
758758,827
119668,328
758752,931
2357788,1898
1315962,1899
2325741,1900
1702014,1901
424823,1347
50105,1902
325980,428
1408253,1249
1086772,205
112384,708
316824,1903
375912,33
2380331,1904
424136,1905
46912,95
318462,1757
2235428,1906
1020773,678
778661,869
5112966,1907
5112966,1908
5112966,569
1924429,339
3416742,1909
3416742,1126
94625,412
3416744,374
3924510,1910
780571,1911
432348,1005
13257,1912
3965660,1913
120484,205
2404311,1029
2186783,1914
2186783,1915
100198,1916
120647,697
3175038,1447
323944,1917
3538766,1890
46828,1918
3387648,1919
2243389,1284
2967224,469
412536,621
2223990,298
1855325,9
57590,1920
1981677,1921
1600195,588
2083383,1922
172495,72
1211956,186
33467,1923
365907,1532
102603,1440
2258858,1924
92563,291
2341766,1925
2131698,1926
3853452,1927
110971,92
2078768,1928
2078768,18
2390361,1140
455782,103
358273,785
3488328,1929
50976,56
78504,470
1661199,1455
419420,978
2359024,1930
3397884,267
257076,1931
795461,667
795461,81
840322,1648
1270262,1932
289848,760
3066270,1933
303356,1553
1854236,390
478087,240
988108,1934
61189,1935
2625030,1936
396184,457
1887785,1937
1798188,1938
93389,1780
97937,672
1117385,1939
166924,530
1210819,428
67128,306
1981107,836
120863,503
93010,1940
1629443,1941
96061,47
76451,295
1321860,1942
2243361,1943
92005,494
64116,163
64115,915
373926,751
1477855,567
2806788,1944
296572,1371
275277,1945
275277,1946
61989,1947
87469,128
1545754,1948
800039,1071
1920945,1949
1920945,1950
2006810,1951
1663207,1952
1587707,1953
2195548,219
368574,1945
120915,765
79470,1744
120910,1954
120910,1824
120910,1825
120910,1955
120910,1956
120910,1957
120910,1958
120910,1959
79477,915
1981115,438
817230,1406
896529,1960
1336608,1006
99951,1961
4437212,1962
3074780,1963
3074780,1964
2368553,1965
46359,53
2315226,1966
363547,733
92605,1402
79679,1967
2309260,1968
2309260,1969
116250,291
1741243,1970
1198156,1971
2802154,1542
1840417,1972
1840417,1973
113957,1974
1904996,124
4353376,1975
2404583,1976
1426329,1977
1426329,1978
86154,1979
1519461,1980
1570583,1981
2884206,1729
2132285,711
1258197,1982
1821700,1983
2194499,1984
1659337,1985
146882,483
2503944,1202
1659338,1986
54615,1987
360717,27
89686,1988
1047011,1989
441796,1495
1583421,642
2184339,924
435625,1990
125439,567
62452,1991
181288,1992
1551630,1993
260991,148
2230358,1994
463998,1008
1077368,217
2301592,1059
37017,95
326664,671
448694,1995
1839492,1468
1839492,1469
450188,1840
1999995,1996
1313104,1997
107658,1967
760311,1998
363163,835
1228705,446
2139843,1999
436857,1652
3327624,2000
2357790,2001
410297,2002
51201,53
266543,330
266543,1313
240772,232
384680,428
1588895,2003
38650,1385
61852,2004
3881410,2005
120681,439
120681,440
1462041,672
106918,751
3503460,2006
98384,2007
1051904,1417
183505,76
183505,77
2609222,2008
2310792,2009
1058017,1776
1058017,2010
3782876,2011
86960,1524
111686,353
83580,2012
1728196,206
1568341,2013
758746,2014
960144,54
119051,1932
2994190,2015
438488,177
2848292,1597
1057500,328
1243957,487
2468774,2016
882977,1939
1911644,125
104070,532
59742,528
1615065,26
124901,2017
59749,2018
1132626,468
114345,2019
1132620,783
948470,97
476649,2020
476649,2021
476649,2022
476649,2023
476649,2024
476649,2025
476649,2026
351283,578
351283,579
49223,2027
2051894,2028
1245492,1682
1245492,1683
3503730,2029
1366365,2030
387808,819
2209418,492
151804,819
1465487,1715
1924435,970
3399024,1268
3399024,1269
1690953,181
1690953,182
1172203,1829
102926,1175
210945,1167
2901736,2031
100161,2032
2279373,2033
2279373,204
66995,220
1838544,2034
365376,340
1107860,867
2980794,2035
385002,1396
66999,926
861739,1432
3475504,2036
76666,2037
901476,1003
2383662,2038
1187064,1735
79116,926
2997766,2039
2997766,2040
1124035,1046
120586,634
95384,2041
2165735,99
39694,95
74285,233
2005374,2042
1673434,85
1385956,2043
457275,113
1599348,1859
110006,1598
2090497,2044
393109,862
95705,81
1928340,2045
432283,533
96874,532
3767372,1475
76590,1
1877832,262
98635,494
120082,353
2382298,2046
1305806,2047
1019452,58
1019452,59
47577,2048
3727824,2049
2691498,2050
362227,128
362225,1655
3014666,2051
3014666,2052
104427,1866
762073,148
2192582,2053
2304426,2054
1640459,110
455824,662
2069787,2055
6414,1183
2377322,256
68168,2056
54866,2057
1658837,729
450405,1285
1405365,1305
814314,1620
2494384,2058
56217,2059
1152836,87
1201607,1065
762107,54
2094064,741
2187115,2060
1723121,829
2436386,2061
1737747,2062
1737747,2063
2009402,2064
1596343,196
1016301,2065
1016301,2066
1233227,443
328107,50
105112,1078
418647,2067
289944,457
1798684,520
446755,329
60647,290
2304771,2068
92610,27
56193,102
2802144,33
2548208,2069
34409,2070
104348,912
62512,1079
808276,2071
86034,1125
1286537,2072
64030,738
259516,595
